06/24/1999 08:36:00, 0.3087624
06/24/1999 08:42:00, 0.3011424
06/24/1999 08:48:00, 0.2919984
06/24/1999 08:54:00, 0.2831592
06/24/1999 09:00:00, 0.2734056
06/24/1999 09:06:00, 0.2648712
06/24/1999 09:12:00, 0.254508
06/24/1999 09:18:00, 0.246888
06/24/1999 09:24:00, 0.2350008
06/24/1999 09:30:00, 0.2258568
06/24/1999 09:36:00, 0.2191512
06/24/1999 09:42:00, 0.2106168
06/24/1999 09:48:00, 0.2045208
06/24/1999 09:54:00, 0.1917192
06/24/1999 10:00:00, 0.1786128
06/24/1999 10:06:00, 0.16764
06/24/1999 10:12:00, 0.156972
06/24/1999 10:18:00, 0.1459992
06/24/1999 10:24:00, 0.1353312
06/24/1999 10:30:00, 0.1271016
06/24/1999 10:36:00, 0.118872
06/24/1999 10:42:00, 0.111252
06/24/1999 10:48:00, 0.1014984
06/24/1999 10:54:00, 0.094488
06/24/1999 11:00:00, 0.0847344
06/24/1999 11:06:00, 0.0755904
06/24/1999 11:12:00, 0.0658368
06/24/1999 11:18:00, 0.0566928
06/24/1999 11:24:00, 0.0490728
06/24/1999 11:30:00, 0.0420624
06/24/1999 11:36:00, 0.0359664
06/24/1999 11:42:00, 0.0283464
06/24/1999 11:48:00, 0.0219456
06/24/1999 11:54:00, 0.0170688
06/24/1999 12:00:00, 0.013716
06/24/1999 12:06:00, 0.0088392
06/24/1999 12:12:00, 0.004572
06/24/1999 12:18:00, -0.001524
06/24/1999 12:24:00, -0.004572
06/24/1999 12:30:00, -0.0094488
06/24/1999 12:36:00, -0.012192
06/24/1999 12:42:00, -0.0128016
06/24/1999 12:48:00, -0.0143256
06/24/1999 12:54:00, -0.012192
06/24/1999 13:00:00, -0.010668
06/24/1999 13:06:00, -0.012192
06/24/1999 13:12:00, -0.0100584
06/24/1999 13:18:00, -0.0085344
06/24/1999 13:24:00, -0.0051816
06/24/1999 13:30:00, -0.001524
06/24/1999 13:36:00, -0.003048
06/24/1999 13:42:00, 0.0109728
06/24/1999 13:48:00, 0.0207264
06/24/1999 13:54:00, 0.0316992
06/24/1999 14:00:00, 0.0484632
06/24/1999 14:06:00, 0.0615696
06/24/1999 14:12:00, 0.0728472
06/24/1999 14:18:00, 0.086868
06/24/1999 14:24:00, 0.0984504
06/24/1999 14:30:00, 0.109728
06/24/1999 14:36:00, 0.1194816
06/24/1999 14:42:00, 0.1304544
06/24/1999 14:48:00, 0.141732
06/24/1999 14:54:00, 0.150876
06/24/1999 15:00:00, 0.1606296
06/24/1999 15:06:00, 0.1709928
06/24/1999 15:12:00, 0.1819656
06/24/1999 15:18:00, 0.1975104
06/24/1999 15:24:00, 0.2078736
06/24/1999 15:30:00, 0.2176272
06/24/1999 15:36:00, 0.2267712
06/24/1999 15:42:00, 0.2365248
06/24/1999 15:48:00, 0.2481072
06/24/1999 15:54:00, 0.2593848
06/24/1999 16:00:00, 0.2740152
06/24/1999 16:06:00, 0.2871216
06/24/1999 16:12:00, 0.2983992
06/24/1999 16:18:00, 0.3102864
06/24/1999 16:24:00, 0.3233928
06/24/1999 16:30:00, 0.3386328
06/24/1999 16:36:00, 0.3471672
06/24/1999 16:42:00, 0.3547872
06/24/1999 16:48:00, 0.3666744
06/24/1999 16:54:00, 0.376428
06/24/1999 17:00:00, 0.3883152
06/24/1999 17:06:00, 0.397764
06/24/1999 17:12:00, 0.4090416
06/24/1999 17:18:00, 0.4187952
06/24/1999 17:24:00, 0.4306824
06/24/1999 17:30:00, 0.4431792
06/24/1999 17:36:00, 0.4529328
06/24/1999 17:42:00, 0.4611624
06/24/1999 17:48:00, 0.470916
06/24/1999 17:54:00, 0.4751832
06/24/1999 18:00:00, 0.4821936
06/24/1999 18:06:00, 0.4919472
06/24/1999 18:12:00, 0.4995672
06/24/1999 18:18:00, 0.5087112
06/24/1999 18:24:00, 0.519684
06/24/1999 18:30:00, 0.5266944
06/24/1999 18:36:00, 0.5300472
06/24/1999 18:42:00, 0.5330952
06/24/1999 18:48:00, 0.537972
06/24/1999 18:54:00, 0.5398008
06/24/1999 19:00:00, 0.5398008
06/24/1999 19:06:00, 0.5407152
06/24/1999 19:12:00, 0.5419344
06/24/1999 19:18:00, 0.5398008
06/24/1999 19:24:00, 0.536448
06/24/1999 19:30:00, 0.5309616
06/24/1999 19:36:00, 0.5224272
06/24/1999 19:42:00, 0.512064
06/24/1999 19:48:00, 0.5099304
06/24/1999 19:54:00, 0.5093208
06/24/1999 20:00:00, 0.4995672
06/24/1999 20:06:00, 0.48768
06/24/1999 20:12:00, 0.47244
06/24/1999 20:18:00, 0.454152
06/24/1999 20:24:00, 0.4383024
06/24/1999 20:30:00, 0.425196
06/24/1999 20:36:00, 0.4117848
06/24/1999 20:42:00, 0.4035552
06/24/1999 20:48:00, 0.3928872
06/24/1999 20:54:00, 0.382524
06/24/1999 21:00:00, 0.3755136
06/24/1999 21:06:00, 0.36576
06/24/1999 21:12:00, 0.3569208
06/24/1999 21:18:00, 0.3471672
06/24/1999 21:24:00, 0.3386328
06/24/1999 21:30:00, 0.32766
06/24/1999 21:36:00, 0.3179064
06/24/1999 21:42:00, 0.3066288
06/24/1999 21:48:00, 0.2977896
06/24/1999 21:54:00, 0.2892552
06/24/1999 22:00:00, 0.280416
06/24/1999 22:06:00, 0.2706624
06/24/1999 22:12:00, 0.2572512
06/24/1999 22:18:00, 0.2462784
06/24/1999 22:24:00, 0.2356104
06/24/1999 22:30:00, 0.2252472
06/24/1999 22:36:00, 0.2154936
06/24/1999 22:42:00, 0.2063496
06/24/1999 22:48:00, 0.19812
06/24/1999 22:54:00, 0.1877568
06/24/1999 23:00:00, 0.1764792
06/24/1999 23:06:00, 0.164592
06/24/1999 23:12:00, 0.1548384
06/24/1999 23:18:00, 0.1438656
06/24/1999 23:24:00, 0.134112
06/24/1999 23:30:00, 0.126492
06/24/1999 23:36:00, 0.1179576
06/24/1999 23:42:00, 0.109728
06/24/1999 23:48:00, 0.1054608
06/24/1999 23:54:00, 0.0978408
06/25/1999 00:00:00, 0.0896112
06/25/1999 00:06:00, 0.0819912
06/25/1999 00:12:00, 0.077724
06/25/1999 00:18:00, 0.0707136
06/25/1999 00:24:00, 0.0658368
06/25/1999 00:30:00, 0.0603504
06/25/1999 00:36:00, 0.0554736
06/25/1999 00:42:00, 0.0505968
06/25/1999 00:48:00, 0.0435864
06/25/1999 00:54:00, 0.0408432
06/25/1999 01:00:00, 0.0381
06/25/1999 01:06:00, 0.0316992
06/25/1999 01:12:00, 0.0381
06/25/1999 01:18:00, 0.0387096
06/25/1999 01:24:00, 0.0387096
06/25/1999 01:30:00, 0.0393192
06/25/1999 01:36:00, 0.0393192
06/25/1999 01:42:00, 0.0414528
06/25/1999 01:48:00, 0.0478536
06/25/1999 01:54:00, 0.0560832
06/25/1999 02:00:00, 0.0646176
06/25/1999 02:06:00, 0.0722376
06/25/1999 02:12:00, 0.0804672
06/25/1999 02:18:00, 0.0923544
06/25/1999 02:24:00, 0.1063752
06/25/1999 02:30:00, 0.1200912
06/25/1999 02:36:00, 0.1335024
06/25/1999 02:42:00, 0.1423416
06/25/1999 02:48:00, 0.1499616
06/25/1999 02:54:00, 0.1591056
06/25/1999 03:00:00, 0.1694688
06/25/1999 03:06:00, 0.1780032
06/25/1999 03:12:00, 0.1862328
06/25/1999 03:18:00, 0.1932432
06/25/1999 03:24:00, 0.2029968
06/25/1999 03:30:00, 0.2100072
06/25/1999 03:36:00, 0.214884
06/25/1999 03:42:00, 0.22098
06/25/1999 03:48:00, 0.231648
06/25/1999 03:54:00, 0.2414016
06/25/1999 04:00:00, 0.2511552
06/25/1999 04:06:00, 0.262128
06/25/1999 04:12:00, 0.2740152
06/25/1999 04:18:00, 0.2859024
06/25/1999 04:24:00, 0.294132
06/25/1999 04:30:00, 0.3060192
06/25/1999 04:36:00, 0.3157728
06/25/1999 04:42:00, 0.326136
06/25/1999 04:48:00, 0.33528
06/25/1999 04:54:00, 0.3450336
06/25/1999 05:00:00, 0.3553968
06/25/1999 05:06:00, 0.3630168
06/25/1999 05:12:00, 0.3755136
06/25/1999 05:18:00, 0.3895344
06/25/1999 05:24:00, 0.3998976
06/25/1999 05:30:00, 0.4090416
06/25/1999 05:36:00, 0.4181856
06/25/1999 05:42:00, 0.4270248
06/25/1999 05:48:00, 0.4340352
06/25/1999 05:54:00, 0.4398264
06/25/1999 06:00:00, 0.448056
06/25/1999 06:06:00, 0.4535424
06/25/1999 06:12:00, 0.4590288
06/25/1999 06:18:00, 0.4669536
06/25/1999 06:24:00, 0.47244
06/25/1999 06:30:00, 0.4767072
06/25/1999 06:36:00, 0.478536
06/25/1999 06:42:00, 0.48006
06/25/1999 06:48:00, 0.4834128
06/25/1999 06:54:00, 0.4870704
06/25/1999 07:00:00, 0.4925568
06/25/1999 07:06:00, 0.4931664
06/25/1999 07:12:00, 0.4946904
06/25/1999 07:18:00, 0.4925568
06/25/1999 07:24:00, 0.48768
06/25/1999 07:30:00, 0.4821936
06/25/1999 07:36:00, 0.4794504
06/25/1999 07:42:00, 0.47244
06/25/1999 07:48:00, 0.4696968
06/25/1999 07:54:00, 0.4687824
06/25/1999 08:00:00, 0.4611624
06/25/1999 08:06:00, 0.448056
06/25/1999 08:12:00, 0.4355592
06/25/1999 08:18:00, 0.4230624
06/25/1999 08:24:00, 0.414528
06/25/1999 08:30:00, 0.400812
06/25/1999 08:36:00, 0.3944112
06/25/1999 08:42:00, 0.382524
06/25/1999 08:48:00, 0.3727704
06/25/1999 08:54:00, 0.3651504
06/25/1999 09:00:00, 0.3569208
06/25/1999 09:06:00, 0.3499104
06/25/1999 09:12:00, 0.341376
06/25/1999 09:18:00, 0.3325368
06/25/1999 09:24:00, 0.3227832
06/25/1999 09:30:00, 0.3136392
06/25/1999 09:36:00, 0.3011424
06/25/1999 09:42:00, 0.2907792
06/25/1999 09:48:00, 0.280416
06/25/1999 09:54:00, 0.2746248
06/25/1999 10:00:00, 0.2627376
06/25/1999 10:06:00, 0.254508
06/25/1999 10:12:00, 0.2441448
06/25/1999 10:18:00, 0.2328672
06/25/1999 10:24:00, 0.2218944
06/25/1999 10:30:00, 0.2093976
06/25/1999 10:36:00, 0.1938528
06/25/1999 10:42:00, 0.1801368
06/25/1999 10:48:00, 0.1667256
06/25/1999 10:54:00, 0.1548384
06/25/1999 11:00:00, 0.1466088
06/25/1999 11:06:00, 0.1362456
06/25/1999 11:12:00, 0.124968
06/25/1999 11:18:00, 0.117348
06/25/1999 11:24:00, 0.108204
06/25/1999 11:30:00, 0.0993648
06/25/1999 11:36:00, 0.092964
06/25/1999 11:42:00, 0.085344
06/25/1999 11:48:00, 0.0743712
06/25/1999 11:54:00, 0.0582168
06/25/1999 12:00:00, 0.0429768
06/25/1999 12:06:00, 0.028956
06/25/1999 12:12:00, 0.013716
06/25/1999 12:18:00, 0.0012192
06/25/1999 12:24:00, -0.001524
06/25/1999 12:30:00, 0.0039624
06/25/1999 12:36:00, -0.004572
06/25/1999 12:42:00, -0.0204216
06/25/1999 12:48:00, 0.0073152
06/25/1999 12:54:00, 0.0003048
06/25/1999 13:00:00, -0.0128016
06/25/1999 13:06:00, -0.0225552
06/25/1999 13:12:00, -0.0280416
06/25/1999 13:18:00, -0.0280416
06/25/1999 13:24:00, -0.0356616
06/25/1999 13:30:00, -0.0463296
06/25/1999 13:36:00, -0.0588264
06/25/1999 13:42:00, -0.0676656
06/25/1999 13:48:00, -0.0707136
06/25/1999 13:54:00, -0.0664464
06/25/1999 14:00:00, -0.0600456
06/25/1999 14:06:00, -0.050292
06/25/1999 14:12:00, -0.0384048
06/25/1999 14:18:00, -0.0377952
06/25/1999 14:24:00, -0.0377952
06/25/1999 14:30:00, -0.0371856
06/25/1999 14:36:00, -0.036576
06/25/1999 14:42:00, -0.0252984
06/25/1999 14:48:00, -0.0155448
06/25/1999 14:54:00, -0.0051816
06/25/1999 15:00:00, 0.0143256
06/25/1999 15:06:00, 0.027432
06/25/1999 15:12:00, 0.0408432
06/25/1999 15:18:00, 0.054864
06/25/1999 15:24:00, 0.070104
06/25/1999 15:30:00, 0.0847344
06/25/1999 15:36:00, 0.0966216
06/25/1999 15:42:00, 0.108204
06/25/1999 15:48:00, 0.1161288
06/25/1999 15:54:00, 0.1286256
06/25/1999 16:00:00, 0.140208
06/25/1999 16:06:00, 0.1530096
06/25/1999 16:12:00, 0.1639824
06/25/1999 16:18:00, 0.1780032
06/25/1999 16:24:00, 0.188976
06/25/1999 16:30:00, 0.199644
06/25/1999 16:36:00, 0.2112264
06/25/1999 16:42:00, 0.2231136
06/25/1999 16:48:00, 0.2322576
06/25/1999 16:54:00, 0.245364
06/25/1999 17:00:00, 0.2566416
06/25/1999 17:06:00, 0.2676144
06/25/1999 17:12:00, 0.277368
06/25/1999 17:18:00, 0.2907792
06/25/1999 17:24:00, 0.3026664
06/25/1999 17:30:00, 0.3157728
06/25/1999 17:36:00, 0.3288792
06/25/1999 17:42:00, 0.3401568
06/25/1999 17:48:00, 0.3541776
06/25/1999 17:54:00, 0.3651504
06/25/1999 18:00:00, 0.3785616
06/25/1999 18:06:00, 0.3895344
06/25/1999 18:12:00, 0.397764
06/25/1999 18:18:00, 0.4056888
06/25/1999 18:24:00, 0.416052
06/25/1999 18:30:00, 0.425196
06/25/1999 18:36:00, 0.4340352
06/25/1999 18:42:00, 0.4453128
06/25/1999 18:48:00, 0.4550664
06/25/1999 18:54:00, 0.4626864
06/25/1999 19:00:00, 0.4696968
06/25/1999 19:06:00, 0.4751832
06/25/1999 19:12:00, 0.4806696
06/25/1999 19:18:00, 0.4834128
06/25/1999 19:24:00, 0.4843272
06/25/1999 19:30:00, 0.4843272
06/25/1999 19:36:00, 0.4828032
06/25/1999 19:42:00, 0.4828032
06/25/1999 19:48:00, 0.4843272
06/25/1999 19:54:00, 0.4843272
06/25/1999 20:00:00, 0.48768
06/25/1999 20:06:00, 0.4898136
06/25/1999 20:12:00, 0.4919472
06/25/1999 20:18:00, 0.4870704
06/25/1999 20:24:00, 0.4828032
06/25/1999 20:30:00, 0.4703064
06/25/1999 20:36:00, 0.4590288
06/25/1999 20:42:00, 0.4492752
06/25/1999 20:48:00, 0.4367784
06/25/1999 20:54:00, 0.4300728
06/25/1999 21:00:00, 0.4215384
06/25/1999 21:06:00, 0.4075176
06/25/1999 21:12:00, 0.3910584
06/25/1999 21:18:00, 0.3797808
06/25/1999 21:24:00, 0.3645408
06/25/1999 21:30:00, 0.3560064
06/25/1999 21:36:00, 0.344424
06/25/1999 21:42:00, 0.3358896
06/25/1999 21:48:00, 0.3325368
06/25/1999 21:54:00, 0.3227832
06/25/1999 22:00:00, 0.3115056
06/25/1999 22:06:00, 0.2990088
06/25/1999 22:12:00, 0.2871216
06/25/1999 22:18:00, 0.2761488
06/25/1999 22:24:00, 0.2657856
06/25/1999 22:30:00, 0.2551176
06/25/1999 22:36:00, 0.2447544
06/25/1999 22:42:00, 0.2356104
06/25/1999 22:48:00, 0.2267712
06/25/1999 22:54:00, 0.2161032
06/25/1999 23:00:00, 0.2051304
06/25/1999 23:06:00, 0.1947672
06/25/1999 23:12:00, 0.1850136
06/25/1999 23:18:00, 0.17526
06/25/1999 23:24:00, 0.164592
06/25/1999 23:30:00, 0.1563624
06/25/1999 23:36:00, 0.1472184
06/25/1999 23:42:00, 0.1383792
06/25/1999 23:48:00, 0.1313688
06/25/1999 23:54:00, 0.1237488
06/26/1999 00:00:00, 0.1146048
06/26/1999 00:06:00, 0.1027176
06/26/1999 00:12:00, 0.0935736
06/26/1999 00:18:00, 0.0832104
06/26/1999 00:24:00, 0.0743712
06/26/1999 00:30:00, 0.0658368
06/26/1999 00:36:00, 0.0554736
06/26/1999 00:42:00, 0.0499872
06/26/1999 00:48:00, 0.0451104
06/26/1999 00:54:00, 0.0353568
06/26/1999 01:00:00, 0.03048
06/26/1999 01:06:00, 0.0262128
06/26/1999 01:12:00, 0.0192024
06/26/1999 01:18:00, 0.013716
06/26/1999 01:24:00, 0.0082296
06/26/1999 01:30:00, 0.0024384
06/26/1999 01:36:00, -0.003048
06/26/1999 01:42:00, -0.0057912
06/26/1999 01:48:00, -0.0051816
06/26/1999 01:54:00, -0.0036576
06/26/1999 02:00:00, -0.0051816
06/26/1999 02:06:00, -0.004572
06/26/1999 02:12:00, -0.004572
06/26/1999 02:18:00, -0.004572
06/26/1999 02:24:00, -0.0009144
06/26/1999 02:30:00, 0.0033528
06/26/1999 02:36:00, 0.0100584
06/26/1999 02:42:00, 0.013716
06/26/1999 02:48:00, 0.0143256
06/26/1999 02:54:00, 0.0246888
06/26/1999 03:00:00, 0.036576
06/26/1999 03:06:00, 0.0499872
06/26/1999 03:12:00, 0.0630936
06/26/1999 03:18:00, 0.0783336
06/26/1999 03:24:00, 0.0896112
06/26/1999 03:30:00, 0.0999744
06/26/1999 03:36:00, 0.108204
06/26/1999 03:42:00, 0.1167384
06/26/1999 03:48:00, 0.1277112
06/26/1999 03:54:00, 0.1383792
06/26/1999 04:00:00, 0.1487424
06/26/1999 04:06:00, 0.1597152
06/26/1999 04:12:00, 0.1709928
06/26/1999 04:18:00, 0.1786128
06/26/1999 04:24:00, 0.1868424
06/26/1999 04:30:00, 0.196596
06/26/1999 04:36:00, 0.2093976
06/26/1999 04:42:00, 0.2218944
06/26/1999 04:48:00, 0.2356104
06/26/1999 04:54:00, 0.2462784
06/26/1999 05:00:00, 0.2578608
06/26/1999 05:06:00, 0.2670048
06/26/1999 05:12:00, 0.2746248
06/26/1999 05:18:00, 0.2843784
06/26/1999 05:24:00, 0.2929128
06/26/1999 05:30:00, 0.3038856
06/26/1999 05:36:00, 0.3130296
06/26/1999 05:42:00, 0.3233928
06/26/1999 05:48:00, 0.333756
06/26/1999 05:54:00, 0.3407664
06/26/1999 06:00:00, 0.3483864
06/26/1999 06:06:00, 0.3553968
06/26/1999 06:12:00, 0.3651504
06/26/1999 06:18:00, 0.3742944
06/26/1999 06:24:00, 0.3846576
06/26/1999 06:30:00, 0.3928872
06/26/1999 06:36:00, 0.4020312
06/26/1999 06:42:00, 0.4123944
06/26/1999 06:48:00, 0.4181856
06/26/1999 06:54:00, 0.425196
06/26/1999 07:00:00, 0.4300728
06/26/1999 07:06:00, 0.4355592
06/26/1999 07:12:00, 0.4398264
06/26/1999 07:18:00, 0.4459224
06/26/1999 07:24:00, 0.4523232
06/26/1999 07:30:00, 0.4535424
06/26/1999 07:36:00, 0.454152
06/26/1999 07:42:00, 0.454152
06/26/1999 07:48:00, 0.4507992
06/26/1999 07:54:00, 0.446532
06/26/1999 08:00:00, 0.4431792
06/26/1999 08:06:00, 0.4416552
06/26/1999 08:12:00, 0.4383024
06/26/1999 08:18:00, 0.4319016
06/26/1999 08:24:00, 0.4258056
06/26/1999 08:30:00, 0.4203192
06/26/1999 08:36:00, 0.4111752
06/26/1999 08:42:00, 0.3944112
06/26/1999 08:48:00, 0.3770376
06/26/1999 08:54:00, 0.3617976
06/26/1999 09:00:00, 0.35052
06/26/1999 09:06:00, 0.341376
06/26/1999 09:12:00, 0.3319272
06/26/1999 09:18:00, 0.3221736
06/26/1999 09:24:00, 0.3163824
06/26/1999 09:30:00, 0.3081528
06/26/1999 09:36:00, 0.301752
06/26/1999 09:42:00, 0.2935224
06/26/1999 09:48:00, 0.2871216
06/26/1999 09:54:00, 0.2782824
06/26/1999 10:00:00, 0.2685288
06/26/1999 10:06:00, 0.2572512
06/26/1999 10:12:00, 0.246888
06/26/1999 10:18:00, 0.2365248
06/26/1999 10:24:00, 0.224028
06/26/1999 10:30:00, 0.2161032
06/26/1999 10:36:00, 0.2023872
06/26/1999 10:42:00, 0.1917192
06/26/1999 10:48:00, 0.1807464
06/26/1999 10:54:00, 0.1716024
06/26/1999 11:00:00, 0.1639824
06/26/1999 11:06:00, 0.1591056
06/26/1999 11:12:00, 0.1481328
06/26/1999 11:18:00, 0.1353312
06/26/1999 11:24:00, 0.1228344
06/26/1999 11:30:00, 0.118872
06/26/1999 11:36:00, 0.1063752
06/26/1999 11:42:00, 0.0886968
06/26/1999 11:48:00, 0.06858
06/26/1999 11:54:00, 0.0469392
06/26/1999 12:00:00, 0.0283464
06/26/1999 12:06:00, 0.0018288
06/26/1999 12:12:00, -0.010668
06/26/1999 12:18:00, -0.0204216
06/26/1999 12:24:00, -0.035052
06/26/1999 12:30:00, -0.0512064
06/26/1999 12:36:00, -0.0566928
06/26/1999 12:42:00, -0.059436
06/26/1999 12:48:00, -0.0566928
06/26/1999 12:54:00, -0.0649224
06/26/1999 13:00:00, -0.0621792
06/26/1999 13:06:00, -0.0600456
06/26/1999 13:12:00, -0.06096
06/26/1999 13:18:00, -0.0637032
06/26/1999 13:24:00, -0.0658368
06/26/1999 13:30:00, -0.0768096
06/26/1999 13:36:00, -0.0865632
06/26/1999 13:42:00, -0.0920496
06/26/1999 13:48:00, -0.0941832
06/26/1999 13:54:00, -0.0978408
06/26/1999 14:00:00, -0.1018032
06/26/1999 14:06:00, -0.1039368
06/26/1999 14:12:00, -0.108204
06/26/1999 14:18:00, -0.108204
06/26/1999 14:24:00, -0.108204
06/26/1999 14:30:00, -0.108204
06/26/1999 14:36:00, -0.108204
06/26/1999 14:42:00, -0.108204
06/26/1999 14:48:00, -0.108204
06/26/1999 14:54:00, -0.108204
06/26/1999 15:00:00, -0.1033272
06/26/1999 15:06:00, -0.0947928
06/26/1999 15:12:00, -0.089916
06/26/1999 15:18:00, -0.0880872
06/26/1999 15:24:00, -0.0789432
06/26/1999 15:30:00, -0.0658368
06/26/1999 15:36:00, -0.0448056
06/26/1999 15:42:00, -0.0295656
06/26/1999 15:48:00, -0.0128016
06/26/1999 15:54:00, 0.0012192
06/26/1999 16:00:00, 0.0131064
06/26/1999 16:06:00, 0.0246888
06/26/1999 16:12:00, 0.0393192
06/26/1999 16:18:00, 0.05334
06/26/1999 16:24:00, 0.0637032
06/26/1999 16:30:00, 0.0728472
06/26/1999 16:36:00, 0.0810768
06/26/1999 16:42:00, 0.0917448
06/26/1999 16:48:00, 0.1033272
06/26/1999 16:54:00, 0.1152144
06/26/1999 17:00:00, 0.1271016
06/26/1999 17:06:00, 0.1383792
06/26/1999 17:12:00, 0.1481328
06/26/1999 17:18:00, 0.1597152
06/26/1999 17:24:00, 0.1725168
06/26/1999 17:30:00, 0.1840992
06/26/1999 17:36:00, 0.1975104
06/26/1999 17:42:00, 0.2112264
06/26/1999 17:48:00, 0.2289048
06/26/1999 17:54:00, 0.2420112
06/26/1999 18:00:00, 0.254508
06/26/1999 18:06:00, 0.2657856
06/26/1999 18:12:00, 0.2755392
06/26/1999 18:18:00, 0.2837688
06/26/1999 18:24:00, 0.2947416
06/26/1999 18:30:00, 0.3054096
06/26/1999 18:36:00, 0.318516
06/26/1999 18:42:00, 0.3304032
06/26/1999 18:48:00, 0.3422904
06/26/1999 18:54:00, 0.3547872
06/26/1999 19:00:00, 0.3651504
06/26/1999 19:06:00, 0.3776472
06/26/1999 19:12:00, 0.3867912
06/26/1999 19:18:00, 0.3950208
06/26/1999 19:24:00, 0.4047744
06/26/1999 19:30:00, 0.4133088
06/26/1999 19:36:00, 0.4209288
06/26/1999 19:42:00, 0.4306824
06/26/1999 19:48:00, 0.4383024
06/26/1999 19:54:00, 0.4447032
06/26/1999 20:00:00, 0.4501896
06/26/1999 20:06:00, 0.454152
06/26/1999 20:12:00, 0.4584192
06/26/1999 20:18:00, 0.4605528
06/26/1999 20:24:00, 0.4639056
06/26/1999 20:30:00, 0.4669536
06/26/1999 20:36:00, 0.4696968
06/26/1999 20:42:00, 0.470916
06/26/1999 20:48:00, 0.4687824
06/26/1999 20:54:00, 0.463296
06/26/1999 21:00:00, 0.4584192
06/26/1999 21:06:00, 0.4492752
06/26/1999 21:12:00, 0.4431792
06/26/1999 21:18:00, 0.438912
06/26/1999 21:24:00, 0.4319016
06/26/1999 21:30:00, 0.423672
06/26/1999 21:36:00, 0.4139184
06/26/1999 21:42:00, 0.3965448
06/26/1999 21:48:00, 0.3803904
06/26/1999 21:54:00, 0.368808
06/26/1999 22:00:00, 0.3602736
06/26/1999 22:06:00, 0.3511296
06/26/1999 22:12:00, 0.344424
06/26/1999 22:18:00, 0.3319272
06/26/1999 22:24:00, 0.3191256
06/26/1999 22:30:00, 0.3087624
06/26/1999 22:36:00, 0.3005328
06/26/1999 22:42:00, 0.2898648
06/26/1999 22:48:00, 0.2822448
06/26/1999 22:54:00, 0.2767584
06/26/1999 23:00:00, 0.2676144
06/26/1999 23:06:00, 0.2593848
06/26/1999 23:12:00, 0.2474976
06/26/1999 23:18:00, 0.2356104
06/26/1999 23:24:00, 0.2252472
06/26/1999 23:30:00, 0.21336
06/26/1999 23:36:00, 0.2014728
06/26/1999 23:42:00, 0.1905
06/26/1999 23:48:00, 0.1807464
06/26/1999 23:54:00, 0.1703832
06/27/1999 00:00:00, 0.1606296
06/27/1999 00:06:00, 0.1514856
06/27/1999 00:12:00, 0.1438656
06/27/1999 00:18:00, 0.1347216
06/27/1999 00:24:00, 0.1258824
06/27/1999 00:30:00, 0.1167384
06/27/1999 00:36:00, 0.1075944
06/27/1999 00:42:00, 0.0984504
06/27/1999 00:48:00, 0.0908304
06/27/1999 00:54:00, 0.0832104
06/27/1999 01:00:00, 0.0749808
06/27/1999 01:06:00, 0.0673608
06/27/1999 01:12:00, 0.0582168
06/27/1999 01:18:00, 0.0484632
06/27/1999 01:24:00, 0.0408432
06/27/1999 01:30:00, 0.0338328
06/27/1999 01:36:00, 0.027432
06/27/1999 01:42:00, 0.0185928
06/27/1999 01:48:00, 0.0131064
06/27/1999 01:54:00, 0.0073152
06/27/1999 02:00:00, 0.0024384
06/27/1999 02:06:00, -0.001524
06/27/1999 02:12:00, -0.004572
06/27/1999 02:18:00, -0.0134112
06/27/1999 02:24:00, -0.012192
06/27/1999 02:30:00, -0.0134112
06/27/1999 02:36:00, -0.0112776
06/27/1999 02:42:00, -0.0134112
06/27/1999 02:48:00, -0.0155448
06/27/1999 02:54:00, -0.0155448
06/27/1999 03:00:00, -0.0155448
06/27/1999 03:06:00, -0.0155448
06/27/1999 03:12:00, -0.010668
06/27/1999 03:18:00, -0.0024384
06/27/1999 03:24:00, 0.006096
06/27/1999 03:30:00, 0.0170688
06/27/1999 03:36:00, 0.0262128
06/27/1999 03:42:00, 0.0402336
06/27/1999 03:48:00, 0.051816
06/27/1999 03:54:00, 0.06096
06/27/1999 04:00:00, 0.0728472
06/27/1999 04:06:00, 0.0874776
06/27/1999 04:12:00, 0.102108
06/27/1999 04:18:00, 0.111252
06/27/1999 04:24:00, 0.1237488
06/27/1999 04:30:00, 0.134112
06/27/1999 04:36:00, 0.1438656
06/27/1999 04:42:00, 0.1499616
06/27/1999 04:48:00, 0.1612392
06/27/1999 04:54:00, 0.1716024
06/27/1999 05:00:00, 0.1850136
06/27/1999 05:06:00, 0.1953768
06/27/1999 05:12:00, 0.2063496
06/27/1999 05:18:00, 0.2154936
06/27/1999 05:24:00, 0.2252472
06/27/1999 05:30:00, 0.2383536
06/27/1999 05:36:00, 0.2502408
06/27/1999 05:42:00, 0.262128
06/27/1999 05:48:00, 0.2746248
06/27/1999 05:54:00, 0.286512
06/27/1999 06:00:00, 0.2962656
06/27/1999 06:06:00, 0.3066288
06/27/1999 06:12:00, 0.3172968
06/27/1999 06:18:00, 0.326136
06/27/1999 06:24:00, 0.3386328
06/27/1999 06:30:00, 0.3483864
06/27/1999 06:36:00, 0.35814
06/27/1999 06:42:00, 0.3694176
06/27/1999 06:48:00, 0.3791712
06/27/1999 06:54:00, 0.3874008
06/27/1999 07:00:00, 0.397764
06/27/1999 07:06:00, 0.4056888
06/27/1999 07:12:00, 0.4117848
06/27/1999 07:18:00, 0.4194048
06/27/1999 07:24:00, 0.4340352
06/27/1999 07:30:00, 0.4562856
06/27/1999 07:36:00, 0.4654296
06/27/1999 07:42:00, 0.4669536
06/27/1999 07:48:00, 0.4361688
06/27/1999 07:54:00, 0.4459224
06/27/1999 08:00:00, 0.4492752
06/27/1999 08:06:00, 0.4767072
06/27/1999 08:12:00, 0.4745736
06/27/1999 08:18:00, 0.4340352
06/27/1999 08:24:00, 0.4654296
06/27/1999 08:30:00, 0.4696968
06/27/1999 08:36:00, 0.4687824
06/27/1999 08:42:00, 0.4669536
06/27/1999 08:48:00, 0.4703064
06/27/1999 08:54:00, 0.478536
06/27/1999 09:00:00, 0.4736592
06/27/1999 09:06:00, 0.4611624
06/27/1999 09:12:00, 0.4492752
06/27/1999 09:18:00, 0.4334256
06/27/1999 09:24:00, 0.4166616
06/27/1999 09:30:00, 0.399288
06/27/1999 09:36:00, 0.3852672
06/27/1999 09:42:00, 0.3715512
06/27/1999 09:48:00, 0.3617976
06/27/1999 09:54:00, 0.352044
06/27/1999 10:00:00, 0.3401568
06/27/1999 10:06:00, 0.3304032
06/27/1999 10:12:00, 0.3157728
06/27/1999 10:18:00, 0.310896
06/27/1999 10:24:00, 0.3011424
06/27/1999 10:30:00, 0.2898648
06/27/1999 10:36:00, 0.2810256
06/27/1999 10:42:00, 0.2724912
06/27/1999 10:48:00, 0.2627376
06/27/1999 10:54:00, 0.2523744
06/27/1999 11:00:00, 0.2420112
06/27/1999 11:06:00, 0.2322576
06/27/1999 11:12:00, 0.22098
06/27/1999 11:18:00, 0.2121408
06/27/1999 11:24:00, 0.2002536
06/27/1999 11:30:00, 0.1877568
06/27/1999 11:36:00, 0.1773936
06/27/1999 11:42:00, 0.16764
06/27/1999 11:48:00, 0.1563624
06/27/1999 11:54:00, 0.1459992
06/27/1999 12:00:00, 0.1347216
06/27/1999 12:06:00, 0.1243584
06/27/1999 12:12:00, 0.1152144
06/27/1999 12:18:00, 0.1054608
06/27/1999 12:24:00, 0.0978408
06/27/1999 12:30:00, 0.0902208
06/27/1999 12:36:00, 0.0819912
06/27/1999 12:42:00, 0.0722376
06/27/1999 12:48:00, 0.0630936
06/27/1999 12:54:00, 0.051816
06/27/1999 13:00:00, 0.044196
06/27/1999 13:06:00, 0.0344424
06/27/1999 13:12:00, 0.027432
06/27/1999 13:18:00, 0.0185928
06/27/1999 13:24:00, 0.0109728
06/27/1999 13:30:00, 0.0100584
06/27/1999 13:36:00, -0.0064008
06/27/1999 13:42:00, -0.0073152
06/27/1999 13:48:00, -0.010668
06/27/1999 13:54:00, -0.0176784
06/27/1999 14:00:00, -0.025908
06/27/1999 14:06:00, -0.0344424
06/27/1999 14:12:00, -0.0432816
06/27/1999 14:18:00, -0.0530352
06/27/1999 14:24:00, -0.0627888
06/27/1999 14:30:00, -0.0697992
06/27/1999 14:36:00, -0.0755904
06/27/1999 14:42:00, -0.0804672
06/27/1999 14:48:00, -0.0850392
06/27/1999 14:54:00, -0.089916
06/27/1999 15:00:00, -0.09144
06/27/1999 15:06:00, -0.0947928
06/27/1999 15:12:00, -0.09906
06/27/1999 15:18:00, -0.1018032
06/27/1999 15:24:00, -0.1018032
06/27/1999 15:30:00, -0.100584
06/27/1999 15:36:00, -0.0978408
06/27/1999 15:42:00, -0.0941832
06/27/1999 15:48:00, -0.0908304
06/27/1999 15:54:00, -0.0893064
06/27/1999 16:00:00, -0.0859536
06/27/1999 16:06:00, -0.0795528
06/27/1999 16:12:00, -0.0649224
06/27/1999 16:18:00, -0.051816
06/27/1999 16:24:00, -0.0377952
06/27/1999 16:30:00, -0.0246888
06/27/1999 16:36:00, -0.0100584
06/27/1999 16:42:00, 0.004572
06/27/1999 16:48:00, 0.0170688
06/27/1999 16:54:00, 0.0295656
06/27/1999 17:00:00, 0.0429768
06/27/1999 17:06:00, 0.0582168
06/27/1999 17:12:00, 0.0707136
06/27/1999 17:18:00, 0.0832104
06/27/1999 17:24:00, 0.0935736
06/27/1999 17:30:00, 0.102108
06/27/1999 17:36:00, 0.1124712
06/27/1999 17:42:00, 0.1258824
06/27/1999 17:48:00, 0.1374648
06/27/1999 17:54:00, 0.150876
06/27/1999 18:00:00, 0.164592
06/27/1999 18:06:00, 0.1792224
06/27/1999 18:12:00, 0.1926336
06/27/1999 18:18:00, 0.2063496
06/27/1999 18:24:00, 0.2182368
06/27/1999 18:30:00, 0.231648
06/27/1999 18:36:00, 0.2432304
06/27/1999 18:42:00, 0.254508
06/27/1999 18:48:00, 0.2670048
06/27/1999 18:54:00, 0.278892
06/27/1999 19:00:00, 0.2919984
06/27/1999 19:06:00, 0.3054096
06/27/1999 19:12:00, 0.32004
06/27/1999 19:18:00, 0.3325368
06/27/1999 19:24:00, 0.344424
06/27/1999 19:30:00, 0.3569208
06/27/1999 19:36:00, 0.36576
06/27/1999 19:42:00, 0.3755136
06/27/1999 19:48:00, 0.3846576
06/27/1999 19:54:00, 0.3922776
06/27/1999 20:00:00, 0.4041648
06/27/1999 20:06:00, 0.4133088
06/27/1999 20:12:00, 0.4209288
06/27/1999 20:18:00, 0.4291584
06/27/1999 20:24:00, 0.4367784
06/27/1999 20:30:00, 0.4447032
06/27/1999 20:36:00, 0.448056
06/27/1999 20:42:00, 0.4535424
06/27/1999 20:48:00, 0.454152
06/27/1999 20:54:00, 0.4578096
06/27/1999 21:00:00, 0.4578096
06/27/1999 21:06:00, 0.455676
06/27/1999 21:12:00, 0.4535424
06/27/1999 21:18:00, 0.454152
06/27/1999 21:24:00, 0.4523232
06/27/1999 21:30:00, 0.454152
06/27/1999 21:36:00, 0.4514088
06/27/1999 21:42:00, 0.4486656
06/27/1999 21:48:00, 0.4398264
06/27/1999 21:54:00, 0.4319016
06/27/1999 22:00:00, 0.4215384
06/27/1999 22:06:00, 0.4105656
06/27/1999 22:12:00, 0.397764
06/27/1999 22:18:00, 0.3846576
06/27/1999 22:24:00, 0.3700272
06/27/1999 22:30:00, 0.3560064
06/27/1999 22:36:00, 0.344424
06/27/1999 22:42:00, 0.3310128
06/27/1999 22:48:00, 0.3191256
06/27/1999 22:54:00, 0.3102864
06/27/1999 23:00:00, 0.3011424
06/27/1999 23:06:00, 0.2913888
06/27/1999 23:12:00, 0.2810256
06/27/1999 23:18:00, 0.2685288
06/27/1999 23:24:00, 0.2572512
06/27/1999 23:30:00, 0.2474976
06/27/1999 23:36:00, 0.239268
06/27/1999 23:42:00, 0.2322576
06/27/1999 23:48:00, 0.2258568
06/27/1999 23:54:00, 0.2170176
06/28/1999 00:00:00, 0.2063496
06/28/1999 00:06:00, 0.1959864
06/28/1999 00:12:00, 0.1856232
06/28/1999 00:18:00, 0.1743456
06/28/1999 00:24:00, 0.1633728
06/28/1999 00:30:00, 0.150876
06/28/1999 00:36:00, 0.140208
06/28/1999 00:42:00, 0.1292352
06/28/1999 00:48:00, 0.117348
06/28/1999 00:54:00, 0.1063752
06/28/1999 01:00:00, 0.0957072
06/28/1999 01:06:00, 0.0859536
06/28/1999 01:12:00, 0.077724
06/28/1999 01:18:00, 0.06858
06/28/1999 01:24:00, 0.06096
06/28/1999 01:30:00, 0.0512064
06/28/1999 01:36:00, 0.0414528
06/28/1999 01:42:00, 0.0323088
06/28/1999 01:48:00, 0.0219456
06/28/1999 01:54:00, 0.0185928
06/28/1999 02:00:00, 0.0100584
06/28/1999 02:06:00, 0.0039624
06/28/1999 02:12:00, -0.0051816
06/28/1999 02:18:00, -0.0100584
06/28/1999 02:24:00, -0.0155448
06/28/1999 02:30:00, -0.0219456
06/28/1999 02:36:00, -0.0280416
06/28/1999 02:42:00, -0.035052
06/28/1999 02:48:00, -0.0420624
06/28/1999 02:54:00, -0.0475488
06/28/1999 03:00:00, -0.0530352
06/28/1999 03:06:00, -0.059436
06/28/1999 03:12:00, -0.0621792
06/28/1999 03:18:00, -0.0637032
06/28/1999 03:24:00, -0.0658368
06/28/1999 03:30:00, -0.0643128
06/28/1999 03:36:00, -0.0637032
06/28/1999 03:42:00, -0.0615696
06/28/1999 03:48:00, -0.057912
06/28/1999 03:54:00, -0.050292
06/28/1999 04:00:00, -0.0414528
06/28/1999 04:06:00, -0.0280416
06/28/1999 04:12:00, -0.0134112
06/28/1999 04:18:00, 0.0109728
06/28/1999 04:24:00, 0.027432
06/28/1999 04:30:00, 0.0429768
06/28/1999 04:36:00, 0.05334
06/28/1999 04:42:00, 0.0637032
06/28/1999 04:48:00, 0.0771144
06/28/1999 04:54:00, 0.0908304
06/28/1999 05:00:00, 0.1048512
06/28/1999 05:06:00, 0.1152144
06/28/1999 05:12:00, 0.1216152
06/28/1999 05:18:00, 0.1292352
06/28/1999 05:24:00, 0.1423416
06/28/1999 05:30:00, 0.1520952
06/28/1999 05:36:00, 0.1639824
06/28/1999 05:42:00, 0.1716024
06/28/1999 05:48:00, 0.1819656
06/28/1999 05:54:00, 0.1898904
06/28/1999 06:00:00, 0.196596
06/28/1999 06:06:00, 0.20574
06/28/1999 06:12:00, 0.21336
06/28/1999 06:18:00, 0.2252472
06/28/1999 06:24:00, 0.2371344
06/28/1999 06:30:00, 0.245364
06/28/1999 06:36:00, 0.2593848
06/28/1999 06:42:00, 0.2691384
06/28/1999 06:48:00, 0.2816352
06/28/1999 06:54:00, 0.2968752
06/28/1999 07:00:00, 0.3044952
06/28/1999 07:06:00, 0.3142488
06/28/1999 07:12:00, 0.326136
06/28/1999 07:18:00, 0.33528
06/28/1999 07:24:00, 0.3422904
06/28/1999 07:30:00, 0.3511296
06/28/1999 07:36:00, 0.3602736
06/28/1999 07:42:00, 0.3700272
06/28/1999 07:48:00, 0.3776472
06/28/1999 07:54:00, 0.3874008
06/28/1999 08:00:00, 0.3965448
06/28/1999 08:06:00, 0.4014216
06/28/1999 08:12:00, 0.408432
06/28/1999 08:18:00, 0.4139184
06/28/1999 08:24:00, 0.4209288
06/28/1999 08:30:00, 0.4264152
06/28/1999 08:36:00, 0.4279392
06/28/1999 08:42:00, 0.4340352
06/28/1999 08:48:00, 0.4355592
06/28/1999 08:54:00, 0.4361688
06/28/1999 09:00:00, 0.4383024
06/28/1999 09:06:00, 0.4355592
06/28/1999 09:12:00, 0.4355592
06/28/1999 09:18:00, 0.4355592
06/28/1999 09:24:00, 0.4355592
06/28/1999 09:30:00, 0.4285488
06/28/1999 09:36:00, 0.422148
06/28/1999 09:42:00, 0.414528
06/28/1999 09:48:00, 0.4020312
06/28/1999 09:54:00, 0.3910584
06/28/1999 10:00:00, 0.3785616
06/28/1999 10:06:00, 0.3694176
06/28/1999 10:12:00, 0.3547872
06/28/1999 10:18:00, 0.3483864
06/28/1999 10:24:00, 0.3325368
06/28/1999 10:30:00, 0.3249168
06/28/1999 10:36:00, 0.3136392
06/28/1999 10:42:00, 0.3087624
06/28/1999 10:48:00, 0.2983992
06/28/1999 10:54:00, 0.2886456
06/28/1999 11:00:00, 0.2816352
06/28/1999 11:06:00, 0.2685288
06/28/1999 11:12:00, 0.2593848
06/28/1999 11:18:00, 0.2490216
06/28/1999 11:24:00, 0.2404872
06/28/1999 11:30:00, 0.231648
06/28/1999 11:36:00, 0.2203704
06/28/1999 11:42:00, 0.2093976
06/28/1999 11:48:00, 0.19812
06/28/1999 11:54:00, 0.188976
06/28/1999 12:00:00, 0.1758696
06/28/1999 12:06:00, 0.1667256
06/28/1999 12:12:00, 0.1530096
06/28/1999 12:18:00, 0.1423416
06/28/1999 12:24:00, 0.1319784
06/28/1999 12:30:00, 0.1222248
06/28/1999 12:36:00, 0.1124712
06/28/1999 12:42:00, 0.1069848
06/28/1999 12:48:00, 0.0978408
06/28/1999 12:54:00, 0.0859536
06/28/1999 13:00:00, 0.0771144
06/28/1999 13:06:00, 0.0652272
06/28/1999 13:12:00, 0.0560832
06/28/1999 13:18:00, 0.0463296
06/28/1999 13:24:00, 0.0371856
06/28/1999 13:30:00, 0.0295656
06/28/1999 13:36:00, 0.021336
06/28/1999 13:42:00, 0.0115824
06/28/1999 13:48:00, 0.0051816
06/28/1999 13:54:00, -0.0036576
06/28/1999 14:00:00, -0.0170688
06/28/1999 14:06:00, -0.027432
06/28/1999 14:12:00, -0.0329184
06/28/1999 14:18:00, -0.0420624
06/28/1999 14:24:00, -0.0469392
06/28/1999 14:30:00, -0.0539496
06/28/1999 14:36:00, -0.059436
06/28/1999 14:42:00, -0.0664464
06/28/1999 14:48:00, -0.0740664
06/28/1999 14:54:00, -0.0816864
06/28/1999 15:00:00, -0.0865632
06/28/1999 15:06:00, -0.0920496
06/28/1999 15:12:00, -0.09906
06/28/1999 15:18:00, -0.1027176
06/28/1999 15:24:00, -0.1054608
06/28/1999 15:30:00, -0.108204
06/28/1999 15:36:00, -0.108204
06/28/1999 15:42:00, -0.108204
06/28/1999 15:48:00, -0.108204
06/28/1999 15:54:00, -0.108204
06/28/1999 16:00:00, -0.108204
06/28/1999 16:06:00, -0.108204
06/28/1999 16:12:00, -0.108204
06/28/1999 16:18:00, -0.108204
06/28/1999 16:24:00, -0.108204
06/28/1999 16:30:00, -0.108204
06/28/1999 16:36:00, -0.108204
06/28/1999 16:42:00, -0.1027176
06/28/1999 16:48:00, -0.0920496
06/28/1999 16:54:00, -0.0804672
06/28/1999 17:00:00, -0.0658368
06/28/1999 17:06:00, -0.0496824
06/28/1999 17:12:00, -0.0329184
06/28/1999 17:18:00, -0.019812
06/28/1999 17:24:00, -0.0057912
06/28/1999 17:30:00, 0.0094488
06/28/1999 17:36:00, 0.0192024
06/28/1999 17:42:00, 0.028956
06/28/1999 17:48:00, 0.0429768
06/28/1999 17:54:00, 0.0576072
06/28/1999 18:00:00, 0.0694944
06/28/1999 18:06:00, 0.0819912
06/28/1999 18:12:00, 0.0957072
06/28/1999 18:18:00, 0.1069848
06/28/1999 18:24:00, 0.1200912
06/28/1999 18:30:00, 0.1335024
06/28/1999 18:36:00, 0.1444752
06/28/1999 18:42:00, 0.1578864
06/28/1999 18:48:00, 0.1716024
06/28/1999 18:54:00, 0.1862328
06/28/1999 19:00:00, 0.1987296
06/28/1999 19:06:00, 0.2127504
06/28/1999 19:12:00, 0.2295144
06/28/1999 19:18:00, 0.2398776
06/28/1999 19:24:00, 0.2538984
06/28/1999 19:30:00, 0.2663952
06/28/1999 19:36:00, 0.280416
06/28/1999 19:42:00, 0.2913888
06/28/1999 19:48:00, 0.3066288
06/28/1999 19:54:00, 0.3212592
06/28/1999 20:00:00, 0.333756
06/28/1999 20:06:00, 0.3462528
06/28/1999 20:12:00, 0.3608832
06/28/1999 20:18:00, 0.376428
06/28/1999 20:24:00, 0.3889248
06/28/1999 20:30:00, 0.4123944
06/28/1999 20:36:00, 0.4355592
06/28/1999 20:42:00, 0.4355592
06/28/1999 20:48:00, 0.4258056
06/28/1999 20:54:00, 0.422148
06/28/1999 21:00:00, 0.4319016
06/28/1999 21:06:00, 0.4349496
06/28/1999 21:12:00, 0.440436
06/28/1999 21:18:00, 0.4437888
06/28/1999 21:24:00, 0.4459224
06/28/1999 21:30:00, 0.4453128
06/28/1999 21:36:00, 0.4398264
06/28/1999 21:42:00, 0.4334256
06/28/1999 21:48:00, 0.4349496
06/28/1999 21:54:00, 0.4416552
06/28/1999 22:00:00, 0.4416552
06/28/1999 22:06:00, 0.4425696
06/28/1999 22:12:00, 0.4416552
06/28/1999 22:18:00, 0.4376928
06/28/1999 22:24:00, 0.432816
06/28/1999 22:30:00, 0.4133088
06/28/1999 22:36:00, 0.3922776
06/28/1999 22:42:00, 0.3776472
06/28/1999 22:48:00, 0.3721608
06/28/1999 22:54:00, 0.3694176
06/28/1999 23:00:00, 0.3602736
06/28/1999 23:06:00, 0.3569208
06/28/1999 23:12:00, 0.3477768
06/28/1999 23:18:00, 0.3401568
06/28/1999 23:24:00, 0.3319272
06/28/1999 23:30:00, 0.3233928
06/28/1999 23:36:00, 0.3115056
06/28/1999 23:42:00, 0.309372
06/28/1999 23:48:00, 0.2996184
06/28/1999 23:54:00, 0.2907792
06/29/1999 00:00:00, 0.2816352
06/29/1999 00:06:00, 0.2691384
06/29/1999 00:12:00, 0.262128
06/29/1999 00:18:00, 0.2523744
06/29/1999 00:24:00, 0.2426208
06/29/1999 00:30:00, 0.2356104
06/29/1999 00:36:00, 0.22098
06/29/1999 00:42:00, 0.2100072
06/29/1999 00:48:00, 0.2008632
06/29/1999 00:54:00, 0.2002536
06/29/1999 01:00:00, 0.2267712
06/29/1999 01:06:00, 0.245364
06/29/1999 01:12:00, 0.2782824
06/29/1999 01:18:00, 0.2481072
06/29/1999 01:24:00, 0.2121408
06/29/1999 01:30:00, 0.21336
06/29/1999 01:36:00, 0.2045208
06/29/1999 01:42:00, 0.1834896
06/29/1999 01:48:00, 0.1703832
06/29/1999 01:54:00, 0.1694688
06/29/1999 02:00:00, 0.1639824
06/29/1999 02:06:00, 0.1411224
06/29/1999 02:12:00, 0.1200912
06/29/1999 02:18:00, 0.0935736
06/29/1999 02:24:00, 0.0673608
06/29/1999 02:30:00, 0.0566928
06/29/1999 02:36:00, 0.0490728
06/29/1999 02:42:00, 0.0420624
06/29/1999 02:48:00, 0.0338328
06/29/1999 02:54:00, 0.0256032
06/29/1999 03:00:00, 0.0185928
06/29/1999 03:06:00, 0.012192
06/29/1999 03:12:00, 0.0039624
06/29/1999 03:18:00, -0.0051816
06/29/1999 03:24:00, -0.0143256
06/29/1999 03:30:00, -0.0204216
06/29/1999 03:36:00, -0.0268224
06/29/1999 03:42:00, -0.033528
06/29/1999 03:48:00, -0.0377952
06/29/1999 03:54:00, -0.042672
06/29/1999 04:00:00, -0.0481584
06/29/1999 04:06:00, -0.0545592
06/29/1999 04:12:00, -0.0588264
06/29/1999 04:18:00, -0.0627888
06/29/1999 04:24:00, -0.0649224
06/29/1999 04:30:00, -0.0658368
06/29/1999 04:36:00, -0.0621792
06/29/1999 04:42:00, -0.0573024
06/29/1999 04:48:00, -0.0524256
06/29/1999 04:54:00, -0.0469392
06/29/1999 05:00:00, -0.035052
06/29/1999 05:06:00, -0.0210312
06/29/1999 05:12:00, -0.0064008
06/29/1999 05:18:00, -0.0003048
06/29/1999 05:24:00, 0.0143256
06/29/1999 05:30:00, 0.0332232
06/29/1999 05:36:00, 0.0478536
06/29/1999 05:42:00, 0.0615696
06/29/1999 05:48:00, 0.077724
06/29/1999 05:54:00, 0.0957072
06/29/1999 06:00:00, 0.108204
06/29/1999 06:06:00, 0.1228344
06/29/1999 06:12:00, 0.1374648
06/29/1999 06:18:00, 0.1481328
06/29/1999 06:24:00, 0.156972
06/29/1999 06:30:00, 0.1694688
06/29/1999 06:36:00, 0.1801368
06/29/1999 06:42:00, 0.1932432
06/29/1999 06:48:00, 0.2106168
06/29/1999 06:54:00, 0.2246376
06/29/1999 07:00:00, 0.2426208
06/29/1999 07:06:00, 0.2642616
06/29/1999 07:12:00, 0.2746248
06/29/1999 07:18:00, 0.280416
06/29/1999 07:24:00, 0.288036
06/29/1999 07:30:00, 0.294132
06/29/1999 07:36:00, 0.2983992
06/29/1999 07:42:00, 0.301752
06/29/1999 07:48:00, 0.3038856
06/29/1999 07:54:00, 0.3060192
06/29/1999 08:00:00, 0.3075432
06/29/1999 08:06:00, 0.31242
06/29/1999 08:12:00, 0.3206496
06/29/1999 08:18:00, 0.3358896
06/29/1999 08:24:00, 0.3547872
06/29/1999 08:30:00, 0.3666744
06/29/1999 08:36:00, 0.3742944
06/29/1999 08:42:00, 0.3819144
06/29/1999 08:48:00, 0.3867912
06/29/1999 08:54:00, 0.3910584
06/29/1999 09:00:00, 0.3959352
06/29/1999 09:06:00, 0.4014216
06/29/1999 09:12:00, 0.4062984
06/29/1999 09:18:00, 0.414528
06/29/1999 09:24:00, 0.4194048
06/29/1999 09:30:00, 0.4242816
06/29/1999 09:36:00, 0.4264152
06/29/1999 09:42:00, 0.4300728
06/29/1999 09:48:00, 0.4285488
06/29/1999 09:54:00, 0.4300728
06/29/1999 10:00:00, 0.4258056
06/29/1999 10:06:00, 0.4209288
06/29/1999 10:12:00, 0.4154424
06/29/1999 10:18:00, 0.406908
06/29/1999 10:24:00, 0.4014216
06/29/1999 10:30:00, 0.390144
06/29/1999 10:36:00, 0.3803904
06/29/1999 10:42:00, 0.3742944
06/29/1999 10:48:00, 0.36576
06/29/1999 10:54:00, 0.3532632
06/29/1999 11:00:00, 0.341376
06/29/1999 11:06:00, 0.3255264
06/29/1999 11:12:00, 0.3136392
06/29/1999 11:18:00, 0.2996184
06/29/1999 11:24:00, 0.2886456
06/29/1999 11:30:00, 0.280416
06/29/1999 11:36:00, 0.2676144
06/29/1999 11:42:00, 0.2593848
06/29/1999 11:48:00, 0.2502408
06/29/1999 11:54:00, 0.2414016
06/29/1999 12:00:00, 0.2350008
06/29/1999 12:06:00, 0.2295144
06/29/1999 12:12:00, 0.2197608
06/29/1999 12:18:00, 0.2084832
06/29/1999 12:24:00, 0.1987296
06/29/1999 12:30:00, 0.1862328
06/29/1999 12:36:00, 0.1786128
06/29/1999 12:42:00, 0.1694688
06/29/1999 12:48:00, 0.1591056
06/29/1999 12:54:00, 0.1481328
06/29/1999 13:00:00, 0.1374648
06/29/1999 13:06:00, 0.1277112
06/29/1999 13:12:00, 0.1167384
06/29/1999 13:18:00, 0.108204
06/29/1999 13:24:00, 0.0984504
06/29/1999 13:30:00, 0.0886968
06/29/1999 13:36:00, 0.0798576
06/29/1999 13:42:00, 0.0658368
06/29/1999 13:48:00, 0.0597408
06/29/1999 13:54:00, 0.0490728
06/29/1999 14:00:00, 0.0408432
06/29/1999 14:06:00, 0.0310896
06/29/1999 14:12:00, 0.02286
06/29/1999 14:18:00, 0.013716
06/29/1999 14:24:00, 0.0018288
06/29/1999 14:30:00, -0.0051816
06/29/1999 14:36:00, -0.0155448
06/29/1999 14:42:00, -0.0240792
06/29/1999 14:48:00, -0.0307848
06/29/1999 14:54:00, -0.0420624
06/29/1999 15:00:00, -0.051816
06/29/1999 15:06:00, -0.06096
06/29/1999 15:12:00, -0.0707136
06/29/1999 15:18:00, -0.0783336
06/29/1999 15:24:00, -0.0859536
06/29/1999 15:30:00, -0.0947928
06/29/1999 15:36:00, -0.1054608
06/29/1999 15:42:00, -0.108204
06/29/1999 15:48:00, -0.108204
06/29/1999 15:54:00, -0.108204
06/29/1999 16:00:00, -0.108204
06/29/1999 16:06:00, -0.108204
06/29/1999 16:12:00, -0.108204
06/29/1999 16:18:00, -0.108204
06/29/1999 16:24:00, -0.108204
06/29/1999 16:30:00, -0.108204
06/29/1999 16:36:00, -0.108204
06/29/1999 16:42:00, -0.108204
06/29/1999 16:48:00, -0.108204
06/29/1999 16:54:00, -0.108204
06/29/1999 17:00:00, -0.108204
06/29/1999 17:06:00, -0.108204
06/29/1999 17:12:00, -0.108204
06/29/1999 17:18:00, -0.108204
06/29/1999 17:24:00, -0.108204
06/29/1999 17:30:00, -0.108204
06/29/1999 17:36:00, -0.108204
06/29/1999 17:42:00, -0.108204
06/29/1999 17:48:00, -0.108204
06/29/1999 17:54:00, -0.108204
06/29/1999 18:00:00, -0.108204
06/29/1999 18:06:00, -0.108204
06/29/1999 18:12:00, -0.0957072
06/29/1999 18:18:00, -0.0795528
06/29/1999 18:24:00, -0.0600456
06/29/1999 18:30:00, -0.0448056
06/29/1999 18:36:00, -0.0371856
06/29/1999 18:42:00, -0.0219456
06/29/1999 18:48:00, -0.001524
06/29/1999 18:54:00, 0.02286
06/29/1999 19:00:00, 0.0371856
06/29/1999 19:06:00, 0.0469392
06/29/1999 19:12:00, 0.0566928
06/29/1999 19:18:00, 0.0673608
06/29/1999 19:24:00, 0.0755904
06/29/1999 19:30:00, 0.0896112
06/29/1999 19:36:00, 0.111252
06/29/1999 19:42:00, 0.132588
06/29/1999 19:48:00, 0.1481328
06/29/1999 19:54:00, 0.1667256
06/29/1999 20:00:00, 0.1856232
06/29/1999 20:06:00, 0.1987296
06/29/1999 20:12:00, 0.2121408
06/29/1999 20:18:00, 0.2267712
06/29/1999 20:24:00, 0.2365248
06/29/1999 20:30:00, 0.2511552
06/29/1999 20:36:00, 0.2615184
06/29/1999 20:42:00, 0.2755392
06/29/1999 20:48:00, 0.2907792
06/29/1999 20:54:00, 0.303276
06/29/1999 21:00:00, 0.3157728
06/29/1999 21:06:00, 0.3288792
06/29/1999 21:12:00, 0.3429
06/29/1999 21:18:00, 0.3560064
06/29/1999 21:24:00, 0.3666744
06/29/1999 21:30:00, 0.3776472
06/29/1999 21:36:00, 0.3874008
06/29/1999 21:42:00, 0.3965448
06/29/1999 21:48:00, 0.4075176
06/29/1999 21:54:00, 0.4319016
06/29/1999 22:00:00, 0.4410456
06/29/1999 22:06:00, 0.4453128
06/29/1999 22:12:00, 0.448056
06/29/1999 22:18:00, 0.4453128
06/29/1999 22:24:00, 0.4437888
06/29/1999 22:30:00, 0.4376928
06/29/1999 22:36:00, 0.4334256
06/29/1999 22:42:00, 0.4334256
06/29/1999 22:48:00, 0.4376928
06/29/1999 22:54:00, 0.4425696
06/29/1999 23:00:00, 0.4437888
06/29/1999 23:06:00, 0.4453128
06/29/1999 23:12:00, 0.4501896
06/29/1999 23:18:00, 0.4447032
06/29/1999 23:24:00, 0.4425696
06/29/1999 23:30:00, 0.4361688
06/29/1999 23:36:00, 0.4306824
06/29/1999 23:42:00, 0.4230624
06/29/1999 23:48:00, 0.4117848
06/29/1999 23:54:00, 0.4075176
06/30/1999 00:00:00, 0.3938016
06/30/1999 00:06:00, 0.3797808
06/30/1999 00:12:00, 0.3727704
06/30/1999 00:18:00, 0.3608832
06/30/1999 00:24:00, 0.3407664
06/30/1999 00:30:00, 0.3212592
06/30/1999 00:36:00, 0.3060192
06/30/1999 00:42:00, 0.3136392
06/30/1999 00:48:00, 0.309372
06/30/1999 00:54:00, 0.3081528
06/30/1999 01:00:00, 0.2968752
06/30/1999 01:06:00, 0.2767584
06/30/1999 01:12:00, 0.2566416
06/30/1999 01:18:00, 0.239268
06/30/1999 01:24:00, 0.231648
06/30/1999 01:30:00, 0.214884
06/30/1999 01:36:00, 0.1975104
06/30/1999 01:42:00, 0.181356
06/30/1999 01:48:00, 0.1688592
06/30/1999 01:54:00, 0.1557528
06/30/1999 02:00:00, 0.141732
06/30/1999 02:06:00, 0.1286256
06/30/1999 02:12:00, 0.117348
06/30/1999 02:18:00, 0.1054608
06/30/1999 02:24:00, 0.0935736
06/30/1999 02:30:00, 0.085344
06/30/1999 02:36:00, 0.0771144
06/30/1999 02:42:00, 0.0658368
06/30/1999 02:48:00, 0.0560832
06/30/1999 02:54:00, 0.0478536
06/30/1999 03:00:00, 0.036576
06/30/1999 03:06:00, 0.027432
06/30/1999 03:12:00, 0.0185928
06/30/1999 03:18:00, 0.0094488
06/30/1999 03:24:00, 0.0003048
06/30/1999 03:30:00, -0.0100584
06/30/1999 03:36:00, -0.0204216
06/30/1999 03:42:00, -0.0295656
06/30/1999 03:48:00, -0.0371856
06/30/1999 03:54:00, -0.0432816
06/30/1999 04:00:00, -0.0496824
06/30/1999 04:06:00, -0.0539496
06/30/1999 04:12:00, -0.0566928
06/30/1999 04:18:00, -0.0600456
06/30/1999 04:24:00, -0.06096
06/30/1999 04:30:00, -0.0649224
06/30/1999 04:36:00, -0.0697992
06/30/1999 04:42:00, -0.074676
06/30/1999 04:48:00, -0.0762
06/30/1999 04:54:00, -0.0783336
06/30/1999 05:00:00, -0.0774192
06/30/1999 05:06:00, -0.0734568
06/30/1999 05:12:00, -0.0691896
06/30/1999 05:18:00, -0.0637032
06/30/1999 05:24:00, -0.0566928
06/30/1999 05:30:00, -0.0469392
06/30/1999 05:36:00, -0.0377952
06/30/1999 05:42:00, -0.0204216
06/30/1999 05:48:00, -0.0100584
06/30/1999 05:54:00, 0.0012192
06/30/1999 06:00:00, 0.0100584
06/30/1999 06:06:00, 0.0149352
06/30/1999 06:12:00, 0.0234696
06/30/1999 06:18:00, 0.0338328
06/30/1999 06:24:00, 0.0499872
06/30/1999 06:30:00, 0.0637032
06/30/1999 06:36:00, 0.0771144
06/30/1999 06:42:00, 0.0880872
06/30/1999 06:48:00, 0.0978408
06/30/1999 06:54:00, 0.1063752
06/30/1999 07:00:00, 0.1130808
06/30/1999 07:06:00, 0.1179576
06/30/1999 07:12:00, 0.1292352
06/30/1999 07:18:00, 0.1389888
06/30/1999 07:24:00, 0.150876
06/30/1999 07:30:00, 0.1639824
06/30/1999 07:36:00, 0.1780032
06/30/1999 07:42:00, 0.1917192
06/30/1999 07:48:00, 0.2093976
06/30/1999 07:54:00, 0.2273808
06/30/1999 08:00:00, 0.2404872
06/30/1999 08:06:00, 0.2572512
06/30/1999 08:12:00, 0.2676144
06/30/1999 08:18:00, 0.280416
06/30/1999 08:24:00, 0.288036
06/30/1999 08:30:00, 0.2962656
06/30/1999 08:36:00, 0.3060192
06/30/1999 08:42:00, 0.3075432
06/30/1999 08:48:00, 0.3233928
06/30/1999 08:54:00, 0.3346704
06/30/1999 09:00:00, 0.3435096
06/30/1999 09:06:00, 0.3483864
06/30/1999 09:12:00, 0.3575304
06/30/1999 09:18:00, 0.3666744
06/30/1999 09:24:00, 0.3742944
06/30/1999 09:30:00, 0.382524
06/30/1999 09:36:00, 0.3922776
06/30/1999 09:42:00, 0.4020312
06/30/1999 09:48:00, 0.4075176
06/30/1999 09:54:00, 0.4166616
06/30/1999 10:00:00, 0.4187952
06/30/1999 10:06:00, 0.423672
06/30/1999 10:12:00, 0.4258056
06/30/1999 10:18:00, 0.4258056
06/30/1999 10:24:00, 0.4300728
06/30/1999 10:30:00, 0.4300728
06/30/1999 10:36:00, 0.425196
06/30/1999 10:42:00, 0.4166616
06/30/1999 10:48:00, 0.414528
06/30/1999 10:54:00, 0.4133088
06/30/1999 11:00:00, 0.406908
06/30/1999 11:06:00, 0.3986784
06/30/1999 11:12:00, 0.3867912
06/30/1999 11:18:00, 0.376428
06/30/1999 11:24:00, 0.3624072
06/30/1999 11:30:00, 0.3483864
06/30/1999 11:36:00, 0.3319272
06/30/1999 11:42:00, 0.3191256
06/30/1999 11:48:00, 0.3136392
06/30/1999 11:54:00, 0.3026664
06/30/1999 12:00:00, 0.2968752
06/30/1999 12:06:00, 0.2837688
06/30/1999 12:12:00, 0.2724912
06/30/1999 12:18:00, 0.2627376
06/30/1999 12:24:00, 0.2566416
06/30/1999 12:30:00, 0.246888
06/30/1999 12:36:00, 0.2383536
06/30/1999 12:42:00, 0.2295144
06/30/1999 12:48:00, 0.2176272
06/30/1999 12:54:00, 0.2036064
06/30/1999 13:00:00, 0.1959864
06/30/1999 13:06:00, 0.1856232
06/30/1999 13:12:00, 0.17526
06/30/1999 13:18:00, 0.166116
06/30/1999 13:24:00, 0.1612392
06/30/1999 13:30:00, 0.150876
06/30/1999 13:36:00, 0.140208
06/30/1999 13:42:00, 0.1319784
06/30/1999 13:48:00, 0.1292352
06/30/1999 13:54:00, 0.1258824
06/30/1999 14:00:00, 0.1167384
06/30/1999 14:06:00, 0.108204
06/30/1999 14:12:00, 0.100584
06/30/1999 14:18:00, 0.0902208
06/30/1999 14:24:00, 0.0789432
06/30/1999 14:30:00, 0.0658368
06/30/1999 14:36:00, 0.054864
06/30/1999 14:42:00, 0.0414528
06/30/1999 14:48:00, 0.0323088
06/30/1999 14:54:00, 0.0234696
06/30/1999 15:00:00, 0.0149352
06/30/1999 15:06:00, 0.0082296
06/30/1999 15:12:00, -0.0003048
06/30/1999 15:18:00, -0.0064008
06/30/1999 15:24:00, -0.0155448
06/30/1999 15:30:00, -0.0231648
06/30/1999 15:36:00, -0.0356616
06/30/1999 15:42:00, -0.0469392
06/30/1999 15:48:00, -0.0566928
06/30/1999 15:54:00, -0.0649224
06/30/1999 16:00:00, -0.0795528
06/30/1999 16:06:00, -0.0871728
06/30/1999 16:12:00, -0.089916
06/30/1999 16:18:00, -0.0941832
06/30/1999 16:24:00, -0.1011936
06/30/1999 16:30:00, -0.108204
06/30/1999 16:36:00, -0.108204
06/30/1999 16:42:00, -0.108204
06/30/1999 16:48:00, -0.108204
06/30/1999 16:54:00, -0.108204
06/30/1999 17:00:00, -0.108204
06/30/1999 17:06:00, -0.108204
06/30/1999 17:12:00, -0.108204
06/30/1999 17:18:00, -0.108204
06/30/1999 17:24:00, -0.108204
06/30/1999 17:30:00, -0.108204
06/30/1999 17:36:00, -0.108204
06/30/1999 17:42:00, -0.108204
06/30/1999 17:48:00, -0.108204
06/30/1999 17:54:00, -0.108204
06/30/1999 18:00:00, -0.108204
06/30/1999 18:06:00, -0.108204
06/30/1999 18:12:00, -0.1054608
06/30/1999 18:18:00, -0.0920496
06/30/1999 18:24:00, -0.0789432
06/30/1999 18:30:00, -0.0643128
06/30/1999 18:36:00, -0.0496824
06/30/1999 18:42:00, -0.033528
06/30/1999 18:48:00, -0.0170688
06/30/1999 18:54:00, -0.0009144
06/30/1999 19:00:00, 0.0115824
06/30/1999 19:06:00, 0.0234696
06/30/1999 19:12:00, 0.0359664
06/30/1999 19:18:00, 0.0484632
06/30/1999 19:24:00, 0.0615696
06/30/1999 19:30:00, 0.0743712
06/30/1999 19:36:00, 0.0874776
06/30/1999 19:42:00, 0.1027176
06/30/1999 19:48:00, 0.1161288
06/30/1999 19:54:00, 0.1313688
06/30/1999 20:00:00, 0.1472184
06/30/1999 20:06:00, 0.1597152
06/30/1999 20:12:00, 0.1716024
06/30/1999 20:18:00, 0.18288
06/30/1999 20:24:00, 0.1987296
06/30/1999 20:30:00, 0.2112264
06/30/1999 20:36:00, 0.2258568
06/30/1999 20:42:00, 0.2371344
06/30/1999 20:48:00, 0.2490216
06/30/1999 20:54:00, 0.2609088
06/30/1999 21:00:00, 0.2718816
06/30/1999 21:06:00, 0.2843784
06/30/1999 21:12:00, 0.2977896
06/30/1999 21:18:00, 0.3087624
06/30/1999 21:24:00, 0.32004
06/30/1999 21:30:00, 0.3304032
06/30/1999 21:36:00, 0.3435096
06/30/1999 21:42:00, 0.3526536
06/30/1999 21:48:00, 0.3608832
06/30/1999 21:54:00, 0.3700272
06/30/1999 22:00:00, 0.3819144
06/30/1999 22:06:00, 0.3922776
06/30/1999 22:12:00, 0.4026408
06/30/1999 22:18:00, 0.4111752
06/30/1999 22:24:00, 0.4172712
06/30/1999 22:30:00, 0.422148
06/30/1999 22:36:00, 0.4270248
06/30/1999 22:42:00, 0.4300728
06/30/1999 22:48:00, 0.432816
06/30/1999 22:54:00, 0.4361688
06/30/1999 23:00:00, 0.4398264
06/30/1999 23:06:00, 0.4437888
06/30/1999 23:12:00, 0.4474464
06/30/1999 23:18:00, 0.448056
06/30/1999 23:24:00, 0.4474464
06/30/1999 23:30:00, 0.4431792
06/30/1999 23:36:00, 0.4383024
06/30/1999 23:42:00, 0.431292
06/30/1999 23:48:00, 0.4242816
06/30/1999 23:54:00, 0.4181856
07/01/1999 00:00:00, 0.4139184
07/01/1999 00:06:00, 0.408432
07/01/1999 00:12:00, 0.399288
07/01/1999 00:18:00, 0.3874008
07/01/1999 00:24:00, 0.3742944
07/01/1999 00:30:00, 0.3575304
07/01/1999 00:36:00, 0.3435096
07/01/1999 00:42:00, 0.3310128
07/01/1999 00:48:00, 0.318516
07/01/1999 00:54:00, 0.3087624
07/01/1999 01:00:00, 0.3044952
07/01/1999 01:06:00, 0.2962656
07/01/1999 01:12:00, 0.2816352
07/01/1999 01:18:00, 0.2852928
07/01/1999 01:24:00, 0.2996184
07/01/1999 01:30:00, 0.2919984
07/01/1999 01:36:00, 0.2782824
07/01/1999 01:42:00, 0.2663952
07/01/1999 01:48:00, 0.2511552
07/01/1999 01:54:00, 0.239268
07/01/1999 02:00:00, 0.2258568
07/01/1999 02:06:00, 0.2002536
07/01/1999 02:12:00, 0.1883664
07/01/1999 02:18:00, 0.1764792
07/01/1999 02:24:00, 0.1606296
07/01/1999 02:30:00, 0.1499616
07/01/1999 02:36:00, 0.1530096
07/01/1999 02:42:00, 0.1466088
07/01/1999 02:48:00, 0.1444752
07/01/1999 02:54:00, 0.1319784
07/01/1999 03:00:00, 0.1228344
07/01/1999 03:06:00, 0.109728
07/01/1999 03:12:00, 0.0984504
07/01/1999 03:18:00, 0.0874776
07/01/1999 03:24:00, 0.0734568
07/01/1999 03:30:00, 0.0615696
07/01/1999 03:36:00, 0.0490728
07/01/1999 03:42:00, 0.0359664
07/01/1999 03:48:00, 0.0262128
07/01/1999 03:54:00, 0.019812
07/01/1999 04:00:00, 0.0115824
07/01/1999 04:06:00, 0.0051816
07/01/1999 04:12:00, -0.0024384
07/01/1999 04:18:00, -0.0094488
07/01/1999 04:24:00, -0.0149352
07/01/1999 04:30:00, -0.0240792
07/01/1999 04:36:00, -0.0323088
07/01/1999 04:42:00, -0.0405384
07/01/1999 04:48:00, -0.0490728
07/01/1999 04:54:00, -0.0545592
07/01/1999 05:00:00, -0.0600456
07/01/1999 05:06:00, -0.0621792
07/01/1999 05:12:00, -0.0627888
07/01/1999 05:18:00, -0.0627888
07/01/1999 05:24:00, -0.0621792
07/01/1999 05:30:00, -0.0627888
07/01/1999 05:36:00, -0.0615696
07/01/1999 05:42:00, -0.06096
07/01/1999 05:48:00, -0.0573024
07/01/1999 05:54:00, -0.0496824
07/01/1999 06:00:00, -0.0414528
07/01/1999 06:06:00, -0.0316992
07/01/1999 06:12:00, -0.0210312
07/01/1999 06:18:00, -0.0112776
07/01/1999 06:24:00, 0.0003048
07/01/1999 06:30:00, 0.0131064
07/01/1999 06:36:00, 0.0262128
07/01/1999 06:42:00, 0.0429768
07/01/1999 06:48:00, 0.0597408
07/01/1999 06:54:00, 0.0755904
07/01/1999 07:00:00, 0.0886968
07/01/1999 07:06:00, 0.0984504
07/01/1999 07:12:00, 0.109728
07/01/1999 07:18:00, 0.1179576
07/01/1999 07:24:00, 0.1362456
07/01/1999 07:30:00, 0.1514856
07/01/1999 07:36:00, 0.1606296
07/01/1999 07:42:00, 0.1764792
07/01/1999 07:48:00, 0.1862328
07/01/1999 07:54:00, 0.1975104
07/01/1999 08:00:00, 0.207264
07/01/1999 08:06:00, 0.21336
07/01/1999 08:12:00, 0.2246376
07/01/1999 08:18:00, 0.2365248
07/01/1999 08:24:00, 0.246888
07/01/1999 08:30:00, 0.2587752
07/01/1999 08:36:00, 0.2718816
07/01/1999 08:42:00, 0.2831592
07/01/1999 08:48:00, 0.295656
07/01/1999 08:54:00, 0.3066288
07/01/1999 09:00:00, 0.3157728
07/01/1999 09:06:00, 0.3282696
07/01/1999 09:12:00, 0.3358896
07/01/1999 09:18:00, 0.3477768
07/01/1999 09:24:00, 0.3569208
07/01/1999 09:30:00, 0.36576
07/01/1999 09:36:00, 0.3736848
07/01/1999 09:42:00, 0.384048
07/01/1999 09:48:00, 0.3910584
07/01/1999 09:54:00, 0.400812
07/01/1999 10:00:00, 0.4075176
07/01/1999 10:06:00, 0.416052
07/01/1999 10:12:00, 0.4215384
07/01/1999 10:18:00, 0.4264152
07/01/1999 10:24:00, 0.4334256
07/01/1999 10:30:00, 0.446532
07/01/1999 10:36:00, 0.4523232
07/01/1999 10:42:00, 0.4572
07/01/1999 10:48:00, 0.4626864
07/01/1999 10:54:00, 0.4626864
07/01/1999 11:00:00, 0.4681728
07/01/1999 11:06:00, 0.4675632
07/01/1999 11:12:00, 0.4736592
07/01/1999 11:18:00, 0.4730496
07/01/1999 11:24:00, 0.4751832
07/01/1999 11:30:00, 0.48768
07/01/1999 11:36:00, 0.496824
07/01/1999 11:42:00, 0.5065776
07/01/1999 11:48:00, 0.51054
07/01/1999 11:54:00, 0.4980432
07/01/1999 12:00:00, 0.4696968
07/01/1999 12:06:00, 0.4599432
07/01/1999 12:12:00, 0.4291584
07/01/1999 12:18:00, 0.3928872
07/01/1999 12:24:00, 0.376428
07/01/1999 12:30:00, 0.3471672
07/01/1999 12:36:00, 0.3240024
07/01/1999 12:42:00, 0.3191256
07/01/1999 12:48:00, 0.3163824
07/01/1999 12:54:00, 0.3075432
07/01/1999 13:00:00, 0.2996184
07/01/1999 13:06:00, 0.2983992
07/01/1999 13:12:00, 0.2907792
07/01/1999 13:18:00, 0.2831592
07/01/1999 13:24:00, 0.2767584
07/01/1999 13:30:00, 0.271272
07/01/1999 13:36:00, 0.2670048
07/01/1999 13:42:00, 0.2615184
07/01/1999 13:48:00, 0.2642616
07/01/1999 13:54:00, 0.262128
07/01/1999 14:00:00, 0.2572512
07/01/1999 14:06:00, 0.245364
07/01/1999 14:12:00, 0.2328672
07/01/1999 14:18:00, 0.2191512
07/01/1999 14:24:00, 0.1987296
07/01/1999 14:30:00, 0.1773936
07/01/1999 14:36:00, 0.1627632
07/01/1999 14:42:00, 0.1499616
07/01/1999 14:48:00, 0.1389888
07/01/1999 14:54:00, 0.126492
07/01/1999 15:00:00, 0.1118616
07/01/1999 15:06:00, 0.100584
07/01/1999 15:12:00, 0.0908304
07/01/1999 15:18:00, 0.0804672
07/01/1999 15:24:00, 0.0722376
07/01/1999 15:30:00, 0.0637032
07/01/1999 15:36:00, 0.051816
07/01/1999 15:42:00, 0.0414528
07/01/1999 15:48:00, 0.0310896
07/01/1999 15:54:00, 0.019812
07/01/1999 16:00:00, 0.0082296
07/01/1999 16:06:00, -0.0024384
07/01/1999 16:12:00, -0.0128016
07/01/1999 16:18:00, -0.0210312
07/01/1999 16:24:00, -0.028956
07/01/1999 16:30:00, -0.035052
07/01/1999 16:36:00, -0.0420624
07/01/1999 16:42:00, -0.0490728
07/01/1999 16:48:00, -0.059436
07/01/1999 16:54:00, -0.0627888
07/01/1999 17:00:00, -0.067056
07/01/1999 17:06:00, -0.0713232
07/01/1999 17:12:00, -0.0755904
07/01/1999 17:18:00, -0.0804672
07/01/1999 17:24:00, -0.0850392
07/01/1999 17:30:00, -0.089916
07/01/1999 17:36:00, -0.092964
07/01/1999 17:42:00, -0.092964
07/01/1999 17:48:00, -0.09144
07/01/1999 17:54:00, -0.0908304
07/01/1999 18:00:00, -0.0893064
07/01/1999 18:06:00, -0.0880872
07/01/1999 18:12:00, -0.0859536
07/01/1999 18:18:00, -0.0850392
07/01/1999 18:24:00, -0.0810768
07/01/1999 18:30:00, -0.0740664
07/01/1999 18:36:00, -0.0658368
07/01/1999 18:42:00, -0.0545592
07/01/1999 18:48:00, -0.0371856
07/01/1999 18:54:00, -0.018288
07/01/1999 19:00:00, -0.0036576
07/01/1999 19:06:00, 0.0295656
07/01/1999 19:12:00, 0.0749808
07/01/1999 19:18:00, 0.1167384
07/01/1999 19:24:00, 0.156972
07/01/1999 19:30:00, 0.1877568
07/01/1999 19:36:00, 0.1932432
07/01/1999 19:42:00, 0.222504
07/01/1999 19:48:00, 0.2036064
07/01/1999 19:54:00, 0.1987296
07/01/1999 20:00:00, 0.230124
07/01/1999 20:06:00, 0.22098
07/01/1999 20:12:00, 0.2203704
07/01/1999 20:18:00, 0.2231136
07/01/1999 20:24:00, 0.239268
07/01/1999 20:30:00, 0.222504
07/01/1999 20:36:00, 0.2100072
07/01/1999 20:42:00, 0.2218944
07/01/1999 20:48:00, 0.2307336
07/01/1999 20:54:00, 0.245364
07/01/1999 21:00:00, 0.2657856
07/01/1999 21:06:00, 0.2935224
07/01/1999 21:12:00, 0.3233928
07/01/1999 21:18:00, 0.3395472
07/01/1999 21:24:00, 0.3526536
07/01/1999 21:30:00, 0.367284
07/01/1999 21:36:00, 0.367284
07/01/1999 21:42:00, 0.3797808
07/01/1999 21:48:00, 0.3874008
07/01/1999 21:54:00, 0.3971544
07/01/1999 22:00:00, 0.4090416
07/01/1999 22:06:00, 0.4209288
07/01/1999 22:12:00, 0.4376928
07/01/1999 22:18:00, 0.4529328
07/01/1999 22:24:00, 0.47244
07/01/1999 22:30:00, 0.4864608
07/01/1999 22:36:00, 0.4980432
07/01/1999 22:42:00, 0.50292
07/01/1999 22:48:00, 0.5056632
07/01/1999 22:54:00, 0.5050536
07/01/1999 23:00:00, 0.5065776
07/01/1999 23:06:00, 0.5099304
07/01/1999 23:12:00, 0.5141976
07/01/1999 23:18:00, 0.5245608
07/01/1999 23:24:00, 0.5321808
07/01/1999 23:30:00, 0.5468112
07/01/1999 23:36:00, 0.5538216
07/01/1999 23:42:00, 0.5602224
07/01/1999 23:48:00, 0.5663184
07/01/1999 23:54:00, 0.5586984
07/02/1999 00:00:00, 0.551688
07/02/1999 00:06:00, 0.5434584
07/02/1999 00:12:00, 0.5309616
07/02/1999 00:18:00, 0.5245608
07/02/1999 00:24:00, 0.512064
07/02/1999 00:30:00, 0.50292
07/02/1999 00:36:00, 0.5001768
07/02/1999 00:42:00, 0.4821936
07/02/1999 00:48:00, 0.455676
07/02/1999 00:54:00, 0.448056
07/02/1999 01:00:00, 0.4376928
07/02/1999 01:06:00, 0.4215384
07/02/1999 01:12:00, 0.4117848
07/02/1999 01:18:00, 0.4020312
07/02/1999 01:24:00, 0.3922776
07/02/1999 01:30:00, 0.3700272
07/02/1999 01:36:00, 0.359664
07/02/1999 01:42:00, 0.3429
07/02/1999 01:48:00, 0.3331464
07/02/1999 01:54:00, 0.3212592
07/02/1999 02:00:00, 0.3136392
07/02/1999 02:06:00, 0.3038856
07/02/1999 02:12:00, 0.295656
07/02/1999 02:18:00, 0.286512
07/02/1999 02:24:00, 0.2746248
07/02/1999 02:30:00, 0.2676144
07/02/1999 02:36:00, 0.2657856
07/02/1999 02:42:00, 0.254508
07/02/1999 02:48:00, 0.2441448
07/02/1999 02:54:00, 0.2328672
07/02/1999 03:00:00, 0.2218944
07/02/1999 03:06:00, 0.2112264
07/02/1999 03:12:00, 0.2023872
07/02/1999 03:18:00, 0.1877568
07/02/1999 03:24:00, 0.1959864
07/02/1999 03:30:00, 0.207264
07/02/1999 03:36:00, 0.21336
07/02/1999 03:42:00, 0.2127504
07/02/1999 03:48:00, 0.188976
07/02/1999 03:54:00, 0.1709928
07/02/1999 04:00:00, 0.1618488
07/02/1999 04:06:00, 0.1542288
07/02/1999 04:12:00, 0.1450848
07/02/1999 04:18:00, 0.1423416
07/02/1999 04:24:00, 0.1362456
07/02/1999 04:30:00, 0.126492
07/02/1999 04:36:00, 0.118872
07/02/1999 04:42:00, 0.109728
07/02/1999 04:48:00, 0.1118616
07/02/1999 04:54:00, 0.117348
07/02/1999 05:00:00, 0.1103376
07/02/1999 05:06:00, 0.0966216
07/02/1999 05:12:00, 0.0798576
07/02/1999 05:18:00, 0.0713232
07/02/1999 05:24:00, 0.0646176
07/02/1999 05:30:00, 0.0560832
07/02/1999 05:36:00, 0.0451104
07/02/1999 05:42:00, 0.0353568
07/02/1999 05:48:00, 0.0316992
07/02/1999 05:54:00, 0.027432
07/02/1999 06:00:00, 0.02286
07/02/1999 06:06:00, 0.0170688
07/02/1999 06:12:00, 0.013716
07/02/1999 06:18:00, 0.013716
07/02/1999 06:24:00, 0.0192024
07/02/1999 06:30:00, 0.0256032
07/02/1999 06:36:00, 0.0310896
07/02/1999 06:42:00, 0.0381
07/02/1999 06:48:00, 0.0408432
07/02/1999 06:54:00, 0.0451104
07/02/1999 07:00:00, 0.0512064
07/02/1999 07:06:00, 0.0560832
07/02/1999 07:12:00, 0.0630936
07/02/1999 07:18:00, 0.0722376
07/02/1999 07:24:00, 0.0874776
07/02/1999 07:30:00, 0.0978408
07/02/1999 07:36:00, 0.1063752
07/02/1999 07:42:00, 0.1146048
07/02/1999 07:48:00, 0.1286256
07/02/1999 07:54:00, 0.1423416
07/02/1999 08:00:00, 0.1542288
07/02/1999 08:06:00, 0.1682496
07/02/1999 08:12:00, 0.1819656
07/02/1999 08:18:00, 0.1938528
07/02/1999 08:24:00, 0.2023872
07/02/1999 08:30:00, 0.2121408
07/02/1999 08:36:00, 0.222504
07/02/1999 08:42:00, 0.2322576
07/02/1999 08:48:00, 0.2441448
07/02/1999 08:54:00, 0.2566416
07/02/1999 09:00:00, 0.2670048
07/02/1999 09:06:00, 0.2767584
07/02/1999 09:12:00, 0.2871216
07/02/1999 09:18:00, 0.2968752
07/02/1999 09:24:00, 0.3066288
07/02/1999 09:30:00, 0.3157728
07/02/1999 09:36:00, 0.3288792
07/02/1999 09:42:00, 0.3395472
07/02/1999 09:48:00, 0.3471672
07/02/1999 09:54:00, 0.35814
07/02/1999 10:00:00, 0.3666744
07/02/1999 10:06:00, 0.3736848
07/02/1999 10:12:00, 0.384048
07/02/1999 10:18:00, 0.3944112
07/02/1999 10:24:00, 0.4062984
07/02/1999 10:30:00, 0.4215384
07/02/1999 10:36:00, 0.4361688
07/02/1999 10:42:00, 0.4425696
07/02/1999 10:48:00, 0.454152
07/02/1999 10:54:00, 0.4639056
07/02/1999 11:00:00, 0.4703064
07/02/1999 11:06:00, 0.4745736
07/02/1999 11:12:00, 0.4773168
07/02/1999 11:18:00, 0.478536
07/02/1999 11:24:00, 0.4834128
07/02/1999 11:30:00, 0.4870704
07/02/1999 11:36:00, 0.4913376
07/02/1999 11:42:00, 0.4925568
07/02/1999 11:48:00, 0.4962144
07/02/1999 11:54:00, 0.4953
07/02/1999 12:00:00, 0.4980432
07/02/1999 12:06:00, 0.5007864
07/02/1999 12:12:00, 0.496824
07/02/1999 12:18:00, 0.4962144
07/02/1999 12:24:00, 0.4882896
07/02/1999 12:30:00, 0.4806696
07/02/1999 12:36:00, 0.4703064
07/02/1999 12:42:00, 0.4572
07/02/1999 12:48:00, 0.4376928
07/02/1999 12:54:00, 0.4172712
07/02/1999 13:00:00, 0.4020312
07/02/1999 13:06:00, 0.3910584
07/02/1999 13:12:00, 0.3797808
07/02/1999 13:18:00, 0.3721608
07/02/1999 13:24:00, 0.3602736
07/02/1999 13:30:00, 0.3553968
07/02/1999 13:36:00, 0.3450336
07/02/1999 13:42:00, 0.333756
07/02/1999 13:48:00, 0.3221736
07/02/1999 13:54:00, 0.309372
07/02/1999 14:00:00, 0.301752
07/02/1999 14:06:00, 0.2929128
07/02/1999 14:12:00, 0.277368
07/02/1999 14:18:00, 0.2648712
07/02/1999 14:24:00, 0.2490216
07/02/1999 14:30:00, 0.2343912
07/02/1999 14:36:00, 0.222504
07/02/1999 14:42:00, 0.2161032
07/02/1999 14:48:00, 0.2051304
07/02/1999 14:54:00, 0.1975104
07/02/1999 15:00:00, 0.1911096
07/02/1999 15:06:00, 0.1807464
07/02/1999 15:12:00, 0.1703832
07/02/1999 15:18:00, 0.156972
07/02/1999 15:24:00, 0.1444752
07/02/1999 15:30:00, 0.134112
07/02/1999 15:36:00, 0.1237488
07/02/1999 15:42:00, 0.1130808
07/02/1999 15:48:00, 0.1014984
07/02/1999 15:54:00, 0.0896112
07/02/1999 16:00:00, 0.077724
07/02/1999 16:06:00, 0.06858
07/02/1999 16:12:00, 0.0566928
07/02/1999 16:18:00, 0.044196
07/02/1999 16:24:00, 0.0338328
07/02/1999 16:30:00, 0.0234696
07/02/1999 16:36:00, 0.0149352
07/02/1999 16:42:00, 0.0082296
07/02/1999 16:48:00, -0.001524
07/02/1999 16:54:00, -0.0094488
07/02/1999 17:00:00, -0.0170688
07/02/1999 17:06:00, -0.0246888
07/02/1999 17:12:00, -0.0295656
07/02/1999 17:18:00, -0.0295656
07/02/1999 17:24:00, -0.025908
07/02/1999 17:30:00, -0.0323088
07/02/1999 17:36:00, -0.0496824
07/02/1999 17:42:00, -0.0219456
07/02/1999 17:48:00, -0.067056
07/02/1999 17:54:00, -0.09906
07/02/1999 18:00:00, -0.10668
07/02/1999 18:06:00, -0.10668
07/02/1999 18:12:00, -0.0908304
07/02/1999 18:18:00, -0.0859536
07/02/1999 18:24:00, -0.1039368
07/02/1999 18:30:00, -0.108204
07/02/1999 18:36:00, -0.108204
07/02/1999 18:42:00, -0.108204
07/02/1999 18:48:00, -0.108204
07/02/1999 18:54:00, -0.108204
07/02/1999 19:00:00, -0.108204
07/02/1999 19:06:00, -0.108204
07/02/1999 19:12:00, -0.108204
07/02/1999 19:18:00, -0.108204
07/02/1999 19:24:00, -0.09906
07/02/1999 19:30:00, -0.08382
07/02/1999 19:36:00, -0.0719328
07/02/1999 19:42:00, -0.0560832
07/02/1999 19:48:00, -0.033528
07/02/1999 19:54:00, -0.0128016
07/02/1999 20:00:00, 0.0039624
07/02/1999 20:06:00, 0.0207264
07/02/1999 20:12:00, 0.0310896
07/02/1999 20:18:00, 0.0393192
07/02/1999 20:24:00, 0.05334
07/02/1999 20:30:00, 0.0646176
07/02/1999 20:36:00, 0.077724
07/02/1999 20:42:00, 0.094488
07/02/1999 20:48:00, 0.1075944
07/02/1999 20:54:00, 0.1194816
07/02/1999 21:00:00, 0.1368552
07/02/1999 21:06:00, 0.1536192
07/02/1999 21:12:00, 0.1667256
07/02/1999 21:18:00, 0.1807464
07/02/1999 21:24:00, 0.1947672
07/02/1999 21:30:00, 0.2084832
07/02/1999 21:36:00, 0.2246376
07/02/1999 21:42:00, 0.2420112
07/02/1999 21:48:00, 0.2566416
07/02/1999 21:54:00, 0.2724912
07/02/1999 22:00:00, 0.2859024
07/02/1999 22:06:00, 0.3005328
07/02/1999 22:12:00, 0.3115056
07/02/1999 22:18:00, 0.326136
07/02/1999 22:24:00, 0.3395472
07/02/1999 22:30:00, 0.3532632
07/02/1999 22:36:00, 0.3666744
07/02/1999 22:42:00, 0.3797808
07/02/1999 22:48:00, 0.3944112
07/02/1999 22:54:00, 0.406908
07/02/1999 23:00:00, 0.4187952
07/02/1999 23:06:00, 0.431292
07/02/1999 23:12:00, 0.4437888
07/02/1999 23:18:00, 0.4550664
07/02/1999 23:24:00, 0.4660392
07/02/1999 23:30:00, 0.4736592
07/02/1999 23:36:00, 0.4806696
07/02/1999 23:42:00, 0.4849368
07/02/1999 23:48:00, 0.4931664
07/02/1999 23:54:00, 0.4989576
07/03/1999 00:00:00, 0.5087112
07/03/1999 00:06:00, 0.5175504
07/03/1999 00:12:00, 0.5239512
07/03/1999 00:18:00, 0.5266944
07/03/1999 00:24:00, 0.5300472
07/03/1999 00:30:00, 0.537972
07/03/1999 00:36:00, 0.5330952
07/03/1999 00:42:00, 0.5251704
07/03/1999 00:48:00, 0.5163312
07/03/1999 00:54:00, 0.51054
07/03/1999 01:00:00, 0.5114544
07/03/1999 01:06:00, 0.504444
07/03/1999 01:12:00, 0.4931664
07/03/1999 01:18:00, 0.478536
07/03/1999 01:24:00, 0.4626864
07/03/1999 01:30:00, 0.4459224
07/03/1999 01:36:00, 0.4319016
07/03/1999 01:42:00, 0.4172712
07/03/1999 01:48:00, 0.4026408
07/03/1999 01:54:00, 0.3883152
07/03/1999 02:00:00, 0.3736848
07/03/1999 02:06:00, 0.3630168
07/03/1999 02:12:00, 0.3532632
07/03/1999 02:18:00, 0.3435096
07/03/1999 02:24:00, 0.3380232
07/03/1999 02:30:00, 0.3282696
07/03/1999 02:36:00, 0.3157728
07/03/1999 02:42:00, 0.3038856
07/03/1999 02:48:00, 0.294132
07/03/1999 02:54:00, 0.2871216
07/03/1999 03:00:00, 0.278892
07/03/1999 03:06:00, 0.2706624
07/03/1999 03:12:00, 0.2587752
07/03/1999 03:18:00, 0.2462784
07/03/1999 03:24:00, 0.2328672
07/03/1999 03:30:00, 0.2182368
07/03/1999 03:36:00, 0.20574
07/03/1999 03:42:00, 0.1917192
07/03/1999 03:48:00, 0.1786128
07/03/1999 03:54:00, 0.1618488
07/03/1999 04:00:00, 0.1499616
07/03/1999 04:06:00, 0.1362456
07/03/1999 04:12:00, 0.1194816
07/03/1999 04:18:00, 0.1069848
07/03/1999 04:24:00, 0.100584
07/03/1999 04:30:00, 0.1014984
07/03/1999 04:36:00, 0.100584
07/03/1999 04:42:00, 0.0908304
07/03/1999 04:48:00, 0.0798576
07/03/1999 04:54:00, 0.092964
07/03/1999 05:00:00, 0.108204
07/03/1999 05:06:00, 0.108204
07/03/1999 05:12:00, 0.100584
07/03/1999 05:18:00, 0.077724
07/03/1999 05:24:00, 0.0615696
07/03/1999 05:30:00, 0.0499872
07/03/1999 05:36:00, 0.0353568
07/03/1999 05:42:00, 0.0240792
07/03/1999 05:48:00, 0.021336
07/03/1999 05:54:00, 0.0094488
07/03/1999 06:00:00, -0.0100584
07/03/1999 06:06:00, -0.0161544
07/03/1999 06:12:00, -0.019812
07/03/1999 06:18:00, -0.018288
07/03/1999 06:24:00, -0.0143256
07/03/1999 06:30:00, -0.0100584
07/03/1999 06:36:00, -0.001524
07/03/1999 06:42:00, -0.003048
07/03/1999 06:48:00, -0.0064008
07/03/1999 06:54:00, -0.004572
07/03/1999 07:00:00, -0.0073152
07/03/1999 07:06:00, -0.0064008
07/03/1999 07:12:00, -0.0073152
07/03/1999 07:18:00, -0.0064008
07/03/1999 07:24:00, -0.0051816
07/03/1999 07:30:00, 0.0003048
07/03/1999 07:36:00, 0.0131064
07/03/1999 07:42:00, 0.028956
07/03/1999 07:48:00, 0.0505968
07/03/1999 07:54:00, 0.0664464
07/03/1999 08:00:00, 0.0804672
07/03/1999 08:06:00, 0.0966216
07/03/1999 08:12:00, 0.1161288
07/03/1999 08:18:00, 0.1335024
07/03/1999 08:24:00, 0.1514856
07/03/1999 08:30:00, 0.1627632
07/03/1999 08:36:00, 0.1731264
07/03/1999 08:42:00, 0.188976
07/03/1999 08:48:00, 0.2008632
07/03/1999 08:54:00, 0.2127504
07/03/1999 09:00:00, 0.2176272
07/03/1999 09:06:00, 0.2203704
07/03/1999 09:12:00, 0.237744
07/03/1999 09:18:00, 0.2426208
07/03/1999 09:24:00, 0.2572512
07/03/1999 09:30:00, 0.2734056
07/03/1999 09:36:00, 0.2886456
07/03/1999 09:42:00, 0.2977896
07/03/1999 09:48:00, 0.3087624
07/03/1999 09:54:00, 0.3191256
07/03/1999 10:00:00, 0.3319272
07/03/1999 10:06:00, 0.3380232
07/03/1999 10:12:00, 0.3499104
07/03/1999 10:18:00, 0.3617976
07/03/1999 10:24:00, 0.3721608
07/03/1999 10:30:00, 0.3846576
07/03/1999 10:36:00, 0.3938016
07/03/1999 10:42:00, 0.4035552
07/03/1999 10:48:00, 0.416052
07/03/1999 10:54:00, 0.4291584
07/03/1999 11:00:00, 0.4425696
07/03/1999 11:06:00, 0.4562856
07/03/1999 11:12:00, 0.4681728
07/03/1999 11:18:00, 0.4806696
07/03/1999 11:24:00, 0.4898136
07/03/1999 11:30:00, 0.4980432
07/03/1999 11:36:00, 0.5065776
07/03/1999 11:42:00, 0.5126736
07/03/1999 11:48:00, 0.5224272
07/03/1999 11:54:00, 0.5251704
07/03/1999 12:00:00, 0.5309616
07/03/1999 12:06:00, 0.5309616
07/03/1999 12:12:00, 0.528828
07/03/1999 12:18:00, 0.5294376
07/03/1999 12:24:00, 0.528828
07/03/1999 12:30:00, 0.5300472
07/03/1999 12:36:00, 0.5239512
07/03/1999 12:42:00, 0.5233416
07/03/1999 12:48:00, 0.5224272
07/03/1999 12:54:00, 0.519684
07/03/1999 13:00:00, 0.5169408
07/03/1999 13:06:00, 0.5148072
07/03/1999 13:12:00, 0.5114544
07/03/1999 13:18:00, 0.4962144
07/03/1999 13:24:00, 0.4834128
07/03/1999 13:30:00, 0.4681728
07/03/1999 13:36:00, 0.4535424
07/03/1999 13:42:00, 0.431292
07/03/1999 13:48:00, 0.4203192
07/03/1999 13:54:00, 0.4105656
07/03/1999 14:00:00, 0.3998976
07/03/1999 14:06:00, 0.3852672
07/03/1999 14:12:00, 0.3776472
07/03/1999 14:18:00, 0.367284
07/03/1999 14:24:00, 0.3532632
07/03/1999 14:30:00, 0.3450336
07/03/1999 14:36:00, 0.3395472
07/03/1999 14:42:00, 0.3331464
07/03/1999 14:48:00, 0.326136
07/03/1999 14:54:00, 0.3142488
07/03/1999 15:00:00, 0.3054096
07/03/1999 15:06:00, 0.294132
07/03/1999 15:12:00, 0.2852928
07/03/1999 15:18:00, 0.2740152
07/03/1999 15:24:00, 0.2593848
07/03/1999 15:30:00, 0.2447544
07/03/1999 15:36:00, 0.230124
07/03/1999 15:42:00, 0.2182368
07/03/1999 15:48:00, 0.2084832
07/03/1999 15:54:00, 0.1953768
07/03/1999 16:00:00, 0.1856232
07/03/1999 16:06:00, 0.1792224
07/03/1999 16:12:00, 0.1731264
07/03/1999 16:18:00, 0.1606296
07/03/1999 16:24:00, 0.150876
07/03/1999 16:30:00, 0.1530096
07/03/1999 16:36:00, 0.1459992
07/03/1999 16:42:00, 0.141732
07/03/1999 16:48:00, 0.1304544
07/03/1999 16:54:00, 0.1200912
07/03/1999 17:00:00, 0.1042416
07/03/1999 17:06:00, 0.0896112
07/03/1999 17:12:00, 0.0734568
07/03/1999 17:18:00, 0.0664464
07/03/1999 17:24:00, 0.0560832
07/03/1999 17:30:00, 0.0597408
07/03/1999 17:36:00, 0.051816
07/03/1999 17:42:00, 0.0371856
07/03/1999 17:48:00, 0.028956
07/03/1999 17:54:00, 0.0170688
07/03/1999 18:00:00, 0.0067056
07/03/1999 18:06:00, -0.004572
07/03/1999 18:12:00, -0.012192
07/03/1999 18:18:00, -0.0219456
07/03/1999 18:24:00, -0.0268224
07/03/1999 18:30:00, -0.0329184
07/03/1999 18:36:00, -0.033528
07/03/1999 18:42:00, -0.035052
07/03/1999 18:48:00, -0.0356616
07/03/1999 18:54:00, -0.035052
07/03/1999 19:00:00, -0.0399288
07/03/1999 19:06:00, -0.044196
07/03/1999 19:12:00, -0.0490728
07/03/1999 19:18:00, -0.0469392
07/03/1999 19:24:00, -0.0463296
07/03/1999 19:30:00, -0.0469392
07/03/1999 19:36:00, -0.0475488
07/03/1999 19:42:00, -0.0420624
07/03/1999 19:48:00, -0.0344424
07/03/1999 19:54:00, -0.027432
07/03/1999 20:00:00, -0.018288
07/03/1999 20:06:00, -0.0036576
07/03/1999 20:12:00, 0.0067056
07/03/1999 20:18:00, 0.0143256
07/03/1999 20:24:00, 0.0262128
07/03/1999 20:30:00, 0.0527304
07/03/1999 20:36:00, 0.0819912
07/03/1999 20:42:00, 0.0950976
07/03/1999 20:48:00, 0.1069848
07/03/1999 20:54:00, 0.1179576
07/03/1999 21:00:00, 0.124968
07/03/1999 21:06:00, 0.1319784
07/03/1999 21:12:00, 0.143256
07/03/1999 21:18:00, 0.1548384
07/03/1999 21:24:00, 0.1682496
07/03/1999 21:30:00, 0.1862328
07/03/1999 21:36:00, 0.2051304
07/03/1999 21:42:00, 0.2231136
07/03/1999 21:48:00, 0.2365248
07/03/1999 21:54:00, 0.254508
07/03/1999 22:00:00, 0.2724912
07/03/1999 22:06:00, 0.2859024
07/03/1999 22:12:00, 0.2919984
07/03/1999 22:18:00, 0.3011424
07/03/1999 22:24:00, 0.3087624
07/03/1999 22:30:00, 0.318516
07/03/1999 22:36:00, 0.3304032
07/03/1999 22:42:00, 0.344424
07/03/1999 22:48:00, 0.3569208
07/03/1999 22:54:00, 0.3666744
07/03/1999 23:00:00, 0.3785616
07/03/1999 23:06:00, 0.3895344
07/03/1999 23:12:00, 0.400812
07/03/1999 23:18:00, 0.4075176
07/03/1999 23:24:00, 0.4139184
07/03/1999 23:30:00, 0.4242816
07/03/1999 23:36:00, 0.4355592
07/03/1999 23:42:00, 0.446532
07/03/1999 23:48:00, 0.4535424
07/03/1999 23:54:00, 0.4639056
07/04/1999 00:00:00, 0.4834128
07/04/1999 00:06:00, 0.4919472
07/04/1999 00:12:00, 0.4980432
07/04/1999 00:18:00, 0.5065776
07/04/1999 00:24:00, 0.5169408
07/04/1999 00:30:00, 0.5233416
07/04/1999 00:36:00, 0.5282184
07/04/1999 00:42:00, 0.5315712
07/04/1999 00:48:00, 0.5343144
07/04/1999 00:54:00, 0.5343144
07/04/1999 01:00:00, 0.5385816
07/04/1999 01:06:00, 0.545592
07/04/1999 01:12:00, 0.5510784
07/04/1999 01:18:00, 0.5620512
07/04/1999 01:24:00, 0.5635752
07/04/1999 01:30:00, 0.5580888
07/04/1999 01:36:00, 0.5462016
07/04/1999 01:42:00, 0.545592
07/04/1999 01:48:00, 0.5315712
07/04/1999 01:54:00, 0.5175504
07/04/1999 02:00:00, 0.5087112
07/04/1999 02:06:00, 0.5001768
07/04/1999 02:12:00, 0.4904232
07/04/1999 02:18:00, 0.4757928
07/04/1999 02:24:00, 0.4611624
07/04/1999 02:30:00, 0.4474464
07/04/1999 02:36:00, 0.4334256
07/04/1999 02:42:00, 0.4215384
07/04/1999 02:48:00, 0.4096512
07/04/1999 02:54:00, 0.3938016
07/04/1999 03:00:00, 0.3791712
07/04/1999 03:06:00, 0.3678936
07/04/1999 03:12:00, 0.3553968
07/04/1999 03:18:00, 0.3462528
07/04/1999 03:24:00, 0.33528
07/04/1999 03:30:00, 0.3233928
07/04/1999 03:36:00, 0.31242
07/04/1999 03:42:00, 0.3054096
07/04/1999 03:48:00, 0.2919984
07/04/1999 03:54:00, 0.278892
07/04/1999 04:00:00, 0.2691384
07/04/1999 04:06:00, 0.2578608
07/04/1999 04:12:00, 0.245364
07/04/1999 04:18:00, 0.2356104
07/04/1999 04:24:00, 0.2252472
07/04/1999 04:30:00, 0.2154936
07/04/1999 04:36:00, 0.2029968
07/04/1999 04:42:00, 0.1911096
07/04/1999 04:48:00, 0.1840992
07/04/1999 04:54:00, 0.17526
07/04/1999 05:00:00, 0.1612392
07/04/1999 05:06:00, 0.1481328
07/04/1999 05:12:00, 0.1362456
07/04/1999 05:18:00, 0.126492
07/04/1999 05:24:00, 0.1167384
07/04/1999 05:30:00, 0.108204
07/04/1999 05:36:00, 0.1033272
07/04/1999 05:42:00, 0.1042416
07/04/1999 05:48:00, 0.0978408
07/04/1999 05:54:00, 0.0859536
07/04/1999 06:00:00, 0.077724
07/04/1999 06:06:00, 0.06858
07/04/1999 06:12:00, 0.0576072
07/04/1999 06:18:00, 0.0463296
07/04/1999 06:24:00, 0.0344424
07/04/1999 06:30:00, 0.0283464
07/04/1999 06:36:00, 0.0219456
07/04/1999 06:42:00, 0.0170688
07/04/1999 06:48:00, 0.0149352
07/04/1999 06:54:00, 0.0115824
07/04/1999 07:00:00, 0.0088392
07/04/1999 07:06:00, 0.0067056
07/04/1999 07:12:00, 0.0088392
07/04/1999 07:18:00, 0.006096
07/04/1999 07:24:00, 0.0039624
07/04/1999 07:30:00, 0.0003048
07/04/1999 07:36:00, -0.001524
07/04/1999 07:42:00, -0.0036576
07/04/1999 07:48:00, -0.0079248
07/04/1999 07:54:00, -0.0073152
07/04/1999 08:00:00, -0.0057912
07/04/1999 08:06:00, -0.0024384
07/04/1999 08:12:00, 0.0033528
07/04/1999 08:18:00, 0.0094488
07/04/1999 08:24:00, 0.0185928
07/04/1999 08:30:00, 0.027432
07/04/1999 08:36:00, 0.0387096
07/04/1999 08:42:00, 0.0539496
07/04/1999 08:48:00, 0.0749808
07/04/1999 08:54:00, 0.0880872
07/04/1999 09:00:00, 0.0993648
07/04/1999 09:06:00, 0.117348
07/04/1999 09:12:00, 0.1277112
07/04/1999 09:18:00, 0.1383792
07/04/1999 09:24:00, 0.1472184
07/04/1999 09:30:00, 0.1612392
07/04/1999 09:36:00, 0.173736
07/04/1999 09:42:00, 0.1850136
07/04/1999 09:48:00, 0.1959864
07/04/1999 09:54:00, 0.2100072
07/04/1999 10:00:00, 0.2176272
07/04/1999 10:06:00, 0.2307336
07/04/1999 10:12:00, 0.2426208
07/04/1999 10:18:00, 0.2538984
07/04/1999 10:24:00, 0.2663952
07/04/1999 10:30:00, 0.278892
07/04/1999 10:36:00, 0.2892552
07/04/1999 10:42:00, 0.3075432
07/04/1999 10:48:00, 0.3206496
07/04/1999 10:54:00, 0.333756
07/04/1999 11:00:00, 0.344424
07/04/1999 11:06:00, 0.3541776
07/04/1999 11:12:00, 0.3639312
07/04/1999 11:18:00, 0.3715512
07/04/1999 11:24:00, 0.376428
07/04/1999 11:30:00, 0.384048
07/04/1999 11:36:00, 0.3895344
07/04/1999 11:42:00, 0.4041648
07/04/1999 11:48:00, 0.414528
07/04/1999 11:54:00, 0.4264152
07/04/1999 12:00:00, 0.4361688
07/04/1999 12:06:00, 0.4492752
07/04/1999 12:12:00, 0.4572
07/04/1999 12:18:00, 0.4681728
07/04/1999 12:24:00, 0.47244
07/04/1999 12:30:00, 0.48006
07/04/1999 12:36:00, 0.4821936
07/04/1999 12:42:00, 0.4882896
07/04/1999 12:48:00, 0.4925568
07/04/1999 12:54:00, 0.4953
07/04/1999 13:00:00, 0.496824
07/04/1999 13:06:00, 0.5017008
07/04/1999 13:12:00, 0.50292
07/04/1999 13:18:00, 0.5077968
07/04/1999 13:24:00, 0.5154168
07/04/1999 13:30:00, 0.5202936
07/04/1999 13:36:00, 0.5260848
07/04/1999 13:42:00, 0.5282184
07/04/1999 13:48:00, 0.5282184
07/04/1999 13:54:00, 0.519684
07/04/1999 14:00:00, 0.512064
07/04/1999 14:06:00, 0.5087112
07/04/1999 14:12:00, 0.50292
07/04/1999 14:18:00, 0.4904232
07/04/1999 14:24:00, 0.4843272
07/04/1999 14:30:00, 0.470916
07/04/1999 14:36:00, 0.4584192
07/04/1999 14:42:00, 0.4459224
07/04/1999 14:48:00, 0.4349496
07/04/1999 14:54:00, 0.4172712
07/04/1999 15:00:00, 0.406908
07/04/1999 15:06:00, 0.3922776
07/04/1999 15:12:00, 0.3819144
07/04/1999 15:18:00, 0.3742944
07/04/1999 15:24:00, 0.3721608
07/04/1999 15:30:00, 0.3608832
07/04/1999 15:36:00, 0.3526536
07/04/1999 15:42:00, 0.3422904
07/04/1999 15:48:00, 0.3304032
07/04/1999 15:54:00, 0.3240024
07/04/1999 16:00:00, 0.3102864
07/04/1999 16:06:00, 0.2968752
07/04/1999 16:12:00, 0.2837688
07/04/1999 16:18:00, 0.271272
07/04/1999 16:24:00, 0.2572512
07/04/1999 16:30:00, 0.246888
07/04/1999 16:36:00, 0.2322576
07/04/1999 16:42:00, 0.2218944
07/04/1999 16:48:00, 0.2100072
07/04/1999 16:54:00, 0.2008632
07/04/1999 17:00:00, 0.1947672
07/04/1999 17:06:00, 0.1856232
07/04/1999 17:12:00, 0.1792224
07/04/1999 17:18:00, 0.173736
07/04/1999 17:24:00, 0.166116
07/04/1999 17:30:00, 0.1530096
07/04/1999 17:36:00, 0.1423416
07/04/1999 17:42:00, 0.1313688
07/04/1999 17:48:00, 0.126492
07/04/1999 17:54:00, 0.1161288
07/04/1999 18:00:00, 0.1075944
07/04/1999 18:06:00, 0.0999744
07/04/1999 18:12:00, 0.092964
07/04/1999 18:18:00, 0.086868
07/04/1999 18:24:00, 0.077724
07/04/1999 18:30:00, 0.0713232
07/04/1999 18:36:00, 0.0652272
07/04/1999 18:42:00, 0.0588264
07/04/1999 18:48:00, 0.0469392
07/04/1999 18:54:00, 0.0387096
07/04/1999 19:00:00, 0.0353568
07/04/1999 19:06:00, 0.0256032
07/04/1999 19:12:00, 0.0170688
07/04/1999 19:18:00, 0.012192
07/04/1999 19:24:00, 0.0100584
07/04/1999 19:30:00, 0.0100584
07/04/1999 19:36:00, 0.0088392
07/04/1999 19:42:00, 0.004572
07/04/1999 19:48:00, 0.006096
07/04/1999 19:54:00, 0.0024384
07/04/1999 20:00:00, -0.0064008
07/04/1999 20:06:00, -0.0210312
07/04/1999 20:12:00, -0.0210312
07/04/1999 20:18:00, -0.019812
07/04/1999 20:24:00, -0.0176784
07/04/1999 20:30:00, -0.0143256
07/04/1999 20:36:00, -0.0057912
07/04/1999 20:42:00, 0.0033528
07/04/1999 20:48:00, 0.0185928
07/04/1999 20:54:00, 0.0344424
07/04/1999 21:00:00, 0.04572
07/04/1999 21:06:00, 0.062484
07/04/1999 21:12:00, 0.077724
07/04/1999 21:18:00, 0.0896112
07/04/1999 21:24:00, 0.1091184
07/04/1999 21:30:00, 0.149352
07/04/1999 21:36:00, 0.1792224
07/04/1999 21:42:00, 0.156972
07/04/1999 21:48:00, 0.1655064
07/04/1999 21:54:00, 0.1655064
07/04/1999 22:00:00, 0.1606296
07/04/1999 22:06:00, 0.1725168
07/04/1999 22:12:00, 0.1856232
07/04/1999 22:18:00, 0.1987296
07/04/1999 22:24:00, 0.2197608
07/04/1999 22:30:00, 0.2420112
07/04/1999 22:36:00, 0.2566416
07/04/1999 22:42:00, 0.2724912
07/04/1999 22:48:00, 0.2907792
07/04/1999 22:54:00, 0.3081528
07/04/1999 23:00:00, 0.3249168
07/04/1999 23:06:00, 0.3401568
07/04/1999 23:12:00, 0.3553968
07/04/1999 23:18:00, 0.3721608
07/04/1999 23:24:00, 0.3834384
07/04/1999 23:30:00, 0.3950208
07/04/1999 23:36:00, 0.4075176
07/04/1999 23:42:00, 0.4187952
07/04/1999 23:48:00, 0.432816
07/04/1999 23:54:00, 0.4437888
07/05/1999 00:00:00, 0.4572
07/05/1999 00:06:00, 0.4681728
07/05/1999 00:12:00, 0.4821936
07/05/1999 00:18:00, 0.4946904
07/05/1999 00:24:00, 0.5065776
07/05/1999 00:30:00, 0.5154168
07/05/1999 00:36:00, 0.5218176
07/05/1999 00:42:00, 0.5309616
07/05/1999 00:48:00, 0.5434584
07/05/1999 00:54:00, 0.5559552
07/05/1999 01:00:00, 0.5641848
07/05/1999 01:06:00, 0.5711952
07/05/1999 01:12:00, 0.5739384
07/05/1999 01:18:00, 0.5727192
07/05/1999 01:24:00, 0.5733288
07/05/1999 01:30:00, 0.5733288
07/05/1999 01:36:00, 0.5797296
07/05/1999 01:42:00, 0.5864352
07/05/1999 01:48:00, 0.5907024
07/05/1999 01:54:00, 0.591312
07/05/1999 02:00:00, 0.5873496
07/05/1999 02:06:00, 0.5864352
07/05/1999 02:12:00, 0.5797296
07/05/1999 02:18:00, 0.5788152
07/05/1999 02:24:00, 0.5718048
07/05/1999 02:30:00, 0.5629656
07/05/1999 02:36:00, 0.5504688
07/05/1999 02:42:00, 0.544068
07/05/1999 02:48:00, 0.5330952
07/05/1999 02:54:00, 0.5233416
07/05/1999 03:00:00, 0.513588
07/05/1999 03:06:00, 0.5023104
07/05/1999 03:12:00, 0.4898136
07/05/1999 03:18:00, 0.4736592
07/05/1999 03:24:00, 0.4605528
07/05/1999 03:30:00, 0.4431792
07/05/1999 03:36:00, 0.4306824
07/05/1999 03:42:00, 0.4209288
07/05/1999 03:48:00, 0.4117848
07/05/1999 03:54:00, 0.4035552
07/05/1999 04:00:00, 0.397764
07/05/1999 04:06:00, 0.3883152
07/05/1999 04:12:00, 0.3797808
07/05/1999 04:18:00, 0.3694176
07/05/1999 04:24:00, 0.3575304
07/05/1999 04:30:00, 0.3471672
07/05/1999 04:36:00, 0.3358896
07/05/1999 04:42:00, 0.3233928
07/05/1999 04:48:00, 0.31242
07/05/1999 04:54:00, 0.3026664
07/05/1999 05:00:00, 0.294132
07/05/1999 05:06:00, 0.2852928
07/05/1999 05:12:00, 0.2795016
07/05/1999 05:18:00, 0.2685288
07/05/1999 05:24:00, 0.262128
07/05/1999 05:30:00, 0.256032
07/05/1999 05:36:00, 0.2426208
07/05/1999 05:42:00, 0.2295144
07/05/1999 05:48:00, 0.2154936
07/05/1999 05:54:00, 0.2029968
07/05/1999 06:00:00, 0.1905
07/05/1999 06:06:00, 0.1792224
07/05/1999 06:12:00, 0.1688592
07/05/1999 06:18:00, 0.1606296
07/05/1999 06:24:00, 0.1487424
07/05/1999 06:30:00, 0.140208
07/05/1999 06:36:00, 0.132588
07/05/1999 06:42:00, 0.1243584
07/05/1999 06:48:00, 0.1210056
07/05/1999 06:54:00, 0.1161288
07/05/1999 07:00:00, 0.1124712
07/05/1999 07:06:00, 0.1130808
07/05/1999 07:12:00, 0.1048512
07/05/1999 07:18:00, 0.092964
07/05/1999 07:24:00, 0.08382
07/05/1999 07:30:00, 0.0755904
07/05/1999 07:36:00, 0.0734568
07/05/1999 07:42:00, 0.0652272
07/05/1999 07:48:00, 0.0588264
07/05/1999 07:54:00, 0.05334
07/05/1999 08:00:00, 0.0484632
07/05/1999 08:06:00, 0.054864
07/05/1999 08:12:00, 0.0539496
07/05/1999 08:18:00, 0.05334
07/05/1999 08:24:00, 0.0469392
07/05/1999 08:30:00, 0.0527304
07/05/1999 08:36:00, 0.0539496
07/05/1999 08:42:00, 0.0576072
07/05/1999 08:48:00, 0.0560832
07/05/1999 08:54:00, 0.0637032
07/05/1999 09:00:00, 0.06858
07/05/1999 09:06:00, 0.0707136
07/05/1999 09:12:00, 0.086868
07/05/1999 09:18:00, 0.0950976
07/05/1999 09:24:00, 0.1027176
07/05/1999 09:30:00, 0.1146048
07/05/1999 09:36:00, 0.1286256
07/05/1999 09:42:00, 0.1383792
07/05/1999 09:48:00, 0.1481328
07/05/1999 09:54:00, 0.1612392
07/05/1999 10:00:00, 0.1801368
07/05/1999 10:06:00, 0.1938528
07/05/1999 10:12:00, 0.2051304
07/05/1999 10:18:00, 0.2191512
07/05/1999 10:24:00, 0.2289048
07/05/1999 10:30:00, 0.2383536
07/05/1999 10:36:00, 0.2481072
07/05/1999 10:42:00, 0.2587752
07/05/1999 10:48:00, 0.2670048
07/05/1999 10:54:00, 0.2859024
07/05/1999 11:00:00, 0.2977896
07/05/1999 11:06:00, 0.3136392
07/05/1999 11:12:00, 0.3249168
07/05/1999 11:18:00, 0.3319272
07/05/1999 11:24:00, 0.344424
07/05/1999 11:30:00, 0.352044
07/05/1999 11:36:00, 0.3639312
07/05/1999 11:42:00, 0.3776472
07/05/1999 11:48:00, 0.4014216
07/05/1999 11:54:00, 0.3998976
07/05/1999 12:00:00, 0.416052
07/05/1999 12:06:00, 0.422148
07/05/1999 12:12:00, 0.4340352
07/05/1999 12:18:00, 0.4514088
07/05/1999 12:24:00, 0.4669536
07/05/1999 12:30:00, 0.4745736
07/05/1999 12:36:00, 0.48006
07/05/1999 12:42:00, 0.4913376
07/05/1999 12:48:00, 0.4962144
07/05/1999 12:54:00, 0.5071872
07/05/1999 13:00:00, 0.5148072
07/05/1999 13:06:00, 0.5260848
07/05/1999 13:12:00, 0.536448
07/05/1999 13:18:00, 0.537972
07/05/1999 13:24:00, 0.5571744
07/05/1999 13:30:00, 0.5635752
07/05/1999 13:36:00, 0.5711952
07/05/1999 13:42:00, 0.5766816
07/05/1999 13:48:00, 0.5809488
07/05/1999 13:54:00, 0.5873496
07/05/1999 14:00:00, 0.5879592
07/05/1999 14:06:00, 0.5907024
07/05/1999 14:12:00, 0.5949696
07/05/1999 14:18:00, 0.5961888
07/05/1999 14:24:00, 0.5907024
07/05/1999 14:30:00, 0.5992368
07/05/1999 14:36:00, 0.5977128
07/05/1999 14:42:00, 0.5955792
07/05/1999 14:48:00, 0.5900928
07/05/1999 14:54:00, 0.5864352
07/05/1999 15:00:00, 0.577596
07/05/1999 15:06:00, 0.569976
07/05/1999 15:12:00, 0.5657088
07/05/1999 15:18:00, 0.5522976
07/05/1999 15:24:00, 0.5391912
07/05/1999 15:30:00, 0.5233416
07/05/1999 15:36:00, 0.5175504
07/05/1999 15:42:00, 0.5087112
07/05/1999 15:48:00, 0.4980432
07/05/1999 15:54:00, 0.4931664
07/05/1999 16:00:00, 0.4779264
07/05/1999 16:06:00, 0.4675632
07/05/1999 16:12:00, 0.4578096
07/05/1999 16:18:00, 0.4383024
07/05/1999 16:24:00, 0.4279392
07/05/1999 16:30:00, 0.4139184
07/05/1999 16:36:00, 0.4123944
07/05/1999 16:42:00, 0.4047744
07/05/1999 16:48:00, 0.3950208
07/05/1999 16:54:00, 0.3861816
07/05/1999 17:00:00, 0.3803904
07/05/1999 17:06:00, 0.3678936
07/05/1999 17:12:00, 0.35814
07/05/1999 17:18:00, 0.3395472
07/05/1999 17:24:00, 0.3331464
07/05/1999 17:30:00, 0.3297936
07/05/1999 17:36:00, 0.3227832
07/05/1999 17:42:00, 0.31242
07/05/1999 17:48:00, 0.301752
07/05/1999 17:54:00, 0.294132
07/05/1999 18:00:00, 0.277368
07/05/1999 18:06:00, 0.2615184
07/05/1999 18:12:00, 0.252984
07/05/1999 18:18:00, 0.2383536
07/05/1999 18:24:00, 0.2246376
07/05/1999 18:30:00, 0.2127504
07/05/1999 18:36:00, 0.196596
07/05/1999 18:42:00, 0.1862328
07/05/1999 18:48:00, 0.1786128
07/05/1999 18:54:00, 0.1618488
07/05/1999 19:00:00, 0.158496
07/05/1999 19:06:00, 0.1578864
07/05/1999 19:12:00, 0.1499616
07/05/1999 19:18:00, 0.1368552
07/05/1999 19:24:00, 0.1481328
07/05/1999 19:30:00, 0.126492
07/05/1999 19:36:00, 0.1200912
07/05/1999 19:42:00, 0.1243584
07/05/1999 19:48:00, 0.100584
07/05/1999 19:54:00, 0.0832104
07/05/1999 20:00:00, 0.0603504
07/05/1999 20:06:00, 0.0420624
07/05/1999 20:12:00, 0.036576
07/05/1999 20:18:00, 0.0381
07/05/1999 20:24:00, 0.0451104
07/05/1999 20:30:00, 0.0597408
07/05/1999 20:36:00, 0.0694944
07/05/1999 20:42:00, 0.0673608
07/05/1999 20:48:00, 0.0722376
07/05/1999 20:54:00, 0.070104
07/05/1999 21:00:00, 0.06858
07/05/1999 21:06:00, 0.0771144
07/05/1999 21:12:00, 0.0722376
07/05/1999 21:18:00, 0.070104
07/05/1999 21:24:00, 0.0743712
07/05/1999 21:30:00, 0.0810768
07/05/1999 21:36:00, 0.0917448
07/05/1999 21:42:00, 0.1069848
07/05/1999 21:48:00, 0.1210056
07/05/1999 21:54:00, 0.1298448
07/05/1999 22:00:00, 0.1459992
07/05/1999 22:06:00, 0.1591056
07/05/1999 22:12:00, 0.173736
07/05/1999 22:18:00, 0.1850136
07/05/1999 22:24:00, 0.1926336
07/05/1999 22:30:00, 0.2078736
07/05/1999 22:36:00, 0.2246376
07/05/1999 22:42:00, 0.2383536
07/05/1999 22:48:00, 0.2538984
07/05/1999 22:54:00, 0.2627376
07/05/1999 23:00:00, 0.2718816
07/05/1999 23:06:00, 0.280416
07/05/1999 23:12:00, 0.2913888
07/05/1999 23:18:00, 0.3011424
07/05/1999 23:24:00, 0.3157728
07/05/1999 23:30:00, 0.3325368
07/05/1999 23:36:00, 0.3435096
07/05/1999 23:42:00, 0.3569208
07/05/1999 23:48:00, 0.3678936
07/05/1999 23:54:00, 0.3834384
07/06/1999 00:00:00, 0.397764
07/06/1999 00:06:00, 0.4020312
07/06/1999 00:12:00, 0.416052
07/06/1999 00:18:00, 0.4285488
07/06/1999 00:24:00, 0.4383024
07/06/1999 00:30:00, 0.4535424
07/06/1999 00:36:00, 0.470916
07/06/1999 00:42:00, 0.4794504
07/06/1999 00:48:00, 0.4904232
07/06/1999 00:54:00, 0.5017008
07/06/1999 01:00:00, 0.5141976
07/06/1999 01:06:00, 0.5251704
07/06/1999 01:12:00, 0.5358384
07/06/1999 01:18:00, 0.5434584
07/06/1999 01:24:00, 0.5495544
07/06/1999 01:30:00, 0.5614416
07/06/1999 01:36:00, 0.5663184
07/06/1999 01:42:00, 0.5766816
07/06/1999 01:48:00, 0.5885688
07/06/1999 01:54:00, 0.6025896
07/06/1999 02:00:00, 0.6010656
07/06/1999 02:06:00, 0.608076
07/06/1999 02:12:00, 0.6059424
07/06/1999 02:18:00, 0.6086856
07/06/1999 02:24:00, 0.6117336
07/06/1999 02:30:00, 0.6102096
07/06/1999 02:36:00, 0.6086856
07/06/1999 02:42:00, 0.6144768
07/06/1999 02:48:00, 0.6096
07/06/1999 02:54:00, 0.6123432
07/06/1999 03:00:00, 0.6123432
07/06/1999 03:06:00, 0.6031992
07/06/1999 03:12:00, 0.5998464
07/06/1999 03:18:00, 0.5934456
07/06/1999 03:24:00, 0.585216
07/06/1999 03:30:00, 0.577596
07/06/1999 03:36:00, 0.5586984
07/06/1999 03:42:00, 0.5468112
07/06/1999 03:48:00, 0.534924
07/06/1999 03:54:00, 0.5245608
07/06/1999 04:00:00, 0.5141976
07/06/1999 04:06:00, 0.5065776
07/06/1999 04:12:00, 0.4821936
07/06/1999 04:18:00, 0.4828032
07/06/1999 04:24:00, 0.478536
07/06/1999 04:30:00, 0.4611624
07/06/1999 04:36:00, 0.4584192
07/06/1999 04:42:00, 0.446532
07/06/1999 04:48:00, 0.4410456
07/06/1999 04:54:00, 0.4264152
07/06/1999 05:00:00, 0.4181856
07/06/1999 05:06:00, 0.4056888
07/06/1999 05:12:00, 0.4041648
07/06/1999 05:18:00, 0.3883152
07/06/1999 05:24:00, 0.3721608
07/06/1999 05:30:00, 0.3602736
07/06/1999 05:36:00, 0.3575304
07/06/1999 05:42:00, 0.3401568
07/06/1999 05:48:00, 0.3304032
07/06/1999 05:54:00, 0.3206496
07/06/1999 06:00:00, 0.3075432
07/06/1999 06:06:00, 0.3044952
07/06/1999 06:12:00, 0.288036
07/06/1999 06:18:00, 0.2782824
07/06/1999 06:24:00, 0.2670048
07/06/1999 06:30:00, 0.2578608
07/06/1999 06:36:00, 0.2481072
07/06/1999 06:42:00, 0.2356104
07/06/1999 06:48:00, 0.2252472
07/06/1999 06:54:00, 0.2084832
07/06/1999 07:00:00, 0.2008632
07/06/1999 07:06:00, 0.1883664
07/06/1999 07:12:00, 0.1780032
07/06/1999 07:18:00, 0.164592
07/06/1999 07:24:00, 0.1557528
07/06/1999 07:30:00, 0.1444752
07/06/1999 07:36:00, 0.1374648
07/06/1999 07:42:00, 0.126492
07/06/1999 07:48:00, 0.1152144
07/06/1999 07:54:00, 0.1048512
07/06/1999 08:00:00, 0.0966216
07/06/1999 08:06:00, 0.0880872
07/06/1999 08:12:00, 0.0771144
07/06/1999 08:18:00, 0.0707136
07/06/1999 08:24:00, 0.0652272
07/06/1999 08:30:00, 0.0566928
07/06/1999 08:36:00, 0.0512064
07/06/1999 08:42:00, 0.044196
07/06/1999 08:48:00, 0.0393192
07/06/1999 08:54:00, 0.0323088
07/06/1999 09:00:00, 0.03048
07/06/1999 09:06:00, 0.0262128
07/06/1999 09:12:00, 0.0240792
07/06/1999 09:18:00, 0.0219456
07/06/1999 09:24:00, 0.0207264
07/06/1999 09:30:00, 0.0158496
07/06/1999 09:36:00, 0.0143256
07/06/1999 09:42:00, 0.0164592
07/06/1999 09:48:00, 0.0179832
07/06/1999 09:54:00, 0.0219456
07/06/1999 10:00:00, 0.0332232
07/06/1999 10:06:00, 0.0478536
07/06/1999 10:12:00, 0.0576072
07/06/1999 10:18:00, 0.0673608
07/06/1999 10:24:00, 0.0819912
07/06/1999 10:30:00, 0.0993648
07/06/1999 10:36:00, 0.1152144
07/06/1999 10:42:00, 0.1258824
07/06/1999 10:48:00, 0.143256
07/06/1999 10:54:00, 0.1557528
07/06/1999 11:00:00, 0.1655064
